time,ego_x,ego_y,yaw,cone0_x,cone0_y,cone0_min_dist,cone1_x,cone1_y,cone1_min_dist,cone2_x,cone2_y,cone2_min_dist,speed_car,broken_car_color0,broken_car_color1,broken_car_color2,min_distance_cones
0,31.971426458763993,14.945890946542665,3.1347156797398386,-8.358232134685904,17.991285915991238,38.589774072529075,-7.30243412023014,16.530015392629466,37.523825888847256,-9.306113911443667,19.221948542587178,39.5460776476468,0.013900669943558588,0.9397373515346938,0.3110232512737402,0.07580914694872454,37.523825888847256
1,31.968244298367978,14.946030375290308,3.1347449272000927,-8.358232134685904,17.991285915991238,38.58650736627887,-7.30243412023014,16.530015392629466,37.52060434120903,-9.306113911443667,19.221948542587178,39.542780394447725,0.09796034692994605,0.9397373515346938,0.3110232512737402,0.07580914694872454,37.52060434120903
2,31.961027170946817,14.94622249155989,3.134793880781796,-8.358232134685904,17.991285915991238,38.579148927672186,-7.30243412023014,16.530015392629466,37.513321616516116,-9.306113911443667,19.221948542587178,39.535371091207715,0.21780049325355388,0.9397373515346938,0.3110232512737402,0.07580914694872454,37.513321616516116
3,31.94949814073408,14.946468888667736,3.1347995053663764,-8.358232134685904,17.991285915991238,38.56760279358375,-7.30243412023014,16.530015392629466,37.50178377160509,-9.306113911443667,19.221948542587178,39.523818369846154,0.34610635959216834,0.9397373515346938,0.3110232512737402,0.07580914694872454,37.50178377160509
4,31.933460448911116,14.946813797926348,3.134774134365066,-8.358232134685904,17.991285915991238,38.551636606629735,-7.30243412023014,16.530015392629466,37.48577751208647,-9.306113911443667,19.221948542587178,39.507877024072044,0.480769733979089,0.9397373515346938,0.3110232512737402,0.07580914694872454,37.48577751208647
5,31.91282370005227,14.947286420724975,3.1347197025231877,-8.358232134685904,17.991285915991238,38.53115429934417,-7.30243412023014,16.530015392629466,37.46520970579931,-9.306113911443667,19.221948542587178,39.48744886268933,0.6189770126021734,0.9397373515346938,0.3110232512737402,0.07580914694872454,37.46520970579931
6,31.88772385947478,14.947909633132054,3.13461895509943,-8.358232134685904,17.991285915991238,38.50634129748191,-7.30243412023014,16.530015392629466,37.44023889851806,-9.306113911443667,19.221948542587178,39.46273687421214,0.7544264331306432,0.9397373515346938,0.3110232512737402,0.07580914694872454,37.44023889851806
7,31.858378532065835,14.948760578818494,3.1344657787020105,-8.358232134685904,17.991285915991238,38.47743246824934,-7.30243412023014,16.530015392629466,37.41109025858419,-9.306113911443667,19.221948542587178,39.43398180208692,0.8854365648857447,0.9397373515346938,0.3110232512737402,0.07580914694872454,37.41109025858419
8,31.82589940476374,14.94943018945936,3.1340902387870586,-8.358232134685904,17.991285915991238,38.44602937943926,-7.30243412023014,16.530015392629466,37.37910221509327,-9.306113911443667,19.221948542587178,39.4029613131715,0.9880662777115901,0.9397373515346938,0.3110232512737402,0.07580914694872454,37.37910221509327
9,31.790361352915905,14.95020876548698,3.1336361649109987,-8.358232134685904,17.991285915991238,38.41179286640074,-7.30243412023014,16.530015392629466,37.34415844356646,-9.306113911443667,19.221948542587178,39.36918743150953,1.090762008685295,0.9397373515346938,0.3110232512737402,0.07580914694872454,37.34415844356646
10,31.752461877208372,14.950912965963687,3.133101571627387,-8.358232134685904,17.991285915991238,38.37542710214454,-7.30243412023014,16.530015392629466,37.306960478565024,-9.306113911443667,19.221948542587178,39.33336724006474,1.1746358814030602,0.9397373515346938,0.3110232512737402,0.07580914694872454,37.306960478565024
11,31.712488253319624,14.951576338306934,3.132538888242289,-8.358232134685904,17.991285915991238,38.33706869933765,-7.30243412023014,16.530015392629466,37.26772634006807,-9.306113911443667,19.221948542587178,39.29558345227408,1.2505682915579555,0.9397373515346938,0.3110232512737402,0.07580914694872454,37.26772634006807
12,31.670246070201756,14.952195672281423,3.131991882369761,-8.358232134685904,17.991285915991238,38.296397450475894,-7.30243412023014,16.530015392629466,37.22620386204427,-9.306113911443667,19.221948542587178,39.25547103341424,1.3316794269078804,0.9397373515346938,0.3110232512737402,0.07580914694872454,37.22620386204427
13,31.626210574530603,14.952559688599532,3.1314940906025446,-8.358232134685904,17.991285915991238,38.25379290100529,-7.30243412023014,16.530015392629466,37.18282523952341,-9.306113911443667,19.221948542587178,39.21337619124767,1.3961623266609702,0.9397373515346938,0.3110232512737402,0.07580914694872454,37.18282523952341
14,31.58043474905975,14.952719716440582,3.1310635567508798,-8.358232134685904,17.991285915991238,38.209255738242646,-7.30243412023014,16.530015392629466,37.137619078152994,-9.306113911443667,19.221948542587178,39.16928087296506,1.4567127823246833,0.9397373515346938,0.3110232512737402,0.07580914694872454,37.137619078152994
15,31.53242275514324,14.952727536753544,3.130644096044276,-8.358232134685904,17.991285915991238,38.1623608723166,-7.30243412023014,16.530015392629466,37.09016345539187,-9.306113911443667,19.221948542587178,39.122907945137314,1.5297893479380782,0.9397373515346938,0.3110232512737402,0.07580914694872454,37.09016345539187
16,31.482933080247456,14.9523957842872,3.130301892288496,-8.358232134685904,17.991285915991238,38.11368493019933,-7.30243412023014,16.530015392629466,37.04113032865682,-9.306113911443667,19.221948542587178,39.074759120308855,1.5754291186559062,0.9397373515346938,0.3110232512737402,0.07580914694872454,37.04113032865682
17,31.431594364733318,14.951775758316101,3.1299117578236113,-8.358232134685904,17.991285915991238,38.06327765260234,-7.30243412023014,16.530015392629466,36.99031382580659,-9.306113911443667,19.221948542587178,39.0249512750302,1.6314851959299166,0.9397373515346938,0.3110232512737402,0.07580914694872454,36.99031382580659
18,31.378472424504682,14.951048405328223,3.1295362185227615,-8.358232134685904,17.991285915991238,38.01105544816834,-7.30243412023014,16.530015392629466,36.937695746727876,-9.306113911443667,19.221948542587178,38.97330451063485,1.6840723464698157,0.9397373515346938,0.3110232512737402,0.07580914694872454,36.937695746727876
19,31.323390813892935,14.950285396592468,3.129150228656865,-8.358232134685904,17.991285915991238,37.95689924578945,-7.30243412023014,16.530015392629466,36.88313239239794,-9.306113911443667,19.221948542587178,38.91973955032339,1.741889636017337,0.9397373515346938,0.3110232512737402,0.07580914694872454,36.88313239239794
20,31.266256492109957,14.949559397494982,3.128778726961193,-8.358232134685904,17.991285915991238,37.90065636848084,-7.30243412023014,16.530015392629466,36.82649715937439,-9.306113911443667,19.221948542587178,38.86406529705673,1.8026547321387871,0.9397373515346938,0.3110232512737402,0.07580914694872454,36.82649715937439
21,31.20726617391687,14.9493265131056,3.1286023714397286,-8.358232134685904,17.991285915991238,37.84209232958542,-7.30243412023014,16.530015392629466,36.767743802754474,-9.306113911443667,19.221948542587178,38.80576846355229,1.856130681174878,0.9397373515346938,0.3110232512737402,0.07580914694872454,36.767743802754474
22,31.146185601444675,14.949447371331257,3.1284463266813454,-8.358232134685904,17.991285915991238,37.781384612562235,-7.30243412023014,16.530015392629466,36.70687099372649,-9.306113911443667,19.221948542587178,38.74529896768432,1.9180267406194953,0.9397373515346938,0.3110232512737402,0.07580914694872454,36.70687099372649
23,31.082936259463658,14.949876922454752,3.1283110905533684,-8.358232134685904,17.991285915991238,37.718454314503376,-7.30243412023014,16.530015392629466,36.643799835813624,-9.306113911443667,19.221948542587178,38.68257673823421,1.983127978405759,0.9397373515346938,0.3110232512737402,0.07580914694872454,36.643799835813624
24,31.017467918012475,14.950574249211023,3.128196923812171,-8.358232134685904,17.991285915991238,37.65325130443327,-7.30243412023014,16.530015392629466,36.57848001187791,-9.306113911443667,19.221948542587178,38.61755088431688,2.0503462386216187,0.9397373515346938,0.3110232512737402,0.07580914694872454,36.57848001187791
25,30.94973632540394,14.951495609911762,3.1280903893372614,-8.358232134685904,17.991285915991238,37.58576357312259,-7.30243412023014,16.530015392629466,36.510885408897295,-9.306113911443667,19.221948542587178,38.55023005274959,2.1193892244726475,0.9397373515346938,0.3110232512737402,0.07580914694872454,36.510885408897295
26,30.879710667309258,14.952594428013953,3.1279699675058725,-8.358232134685904,17.991285915991238,37.51601154596289,-7.30243412023014,16.530015392629466,36.44099730969138,-9.306113911443667,19.221948542587178,38.48066795293367,2.1897692521546883,0.9397373515346938,0.3110232512737402,0.07580914694872454,36.44099730969138
27,30.807374975019307,14.953826881007595,3.1278134364168895,-8.358232134685904,17.991285915991238,37.444032109526965,-7.30243412023014,16.530015392629466,36.368774898324254,-9.306113911443667,19.221948542587178,38.408935880287046,2.260956463809257,0.9397373515346938,0.3110232512737402,0.07580914694872454,36.368774898324254
28,30.73272092864179,14.955158926773834,3.1275952911742584,-8.358232134685904,17.991285915991238,37.36987734981345,-7.30243412023014,16.530015392629466,36.294281175206855,-9.306113911443667,19.221948542587178,38.33512555525918,2.3326646835076366,0.9397373515346938,0.3110232512737402,0.07580914694872454,36.294281175206855
29,30.655759316996313,14.95656061340473,3.1272964703331856,-8.358232134685904,17.991285915991238,37.29360334036066,-7.30243412023014,16.530015392629466,36.21754265411243,-9.306113911443667,19.221948542587178,38.259322637547314,2.404257095749306,0.9397373515346938,0.3110232512737402,0.07580914694872454,36.21754265411243
30,30.57825114583281,14.958077304039856,3.1267151584042625,-8.358232134685904,17.991285915991238,37.21744338397974,-7.30243412023014,16.530015392629466,36.1404785265758,-9.306113911443667,19.221948542587178,38.18407697405534,2.4215086281258147,0.9397373515346938,0.3110232512737402,0.07580914694872454,36.1404785265758
31,30.498701796554226,14.959533241049584,3.1261810622124915,-8.358232134685904,17.991285915991238,37.13913349784814,-7.30243412023014,16.530015392629466,36.061338186261786,-9.306113911443667,19.221948542587178,38.106606734281705,2.484863262897619,0.9397373515346938,0.3110232512737402,0.07580914694872454,36.061338186261786
32,30.41681868454789,14.961051730733558,3.125554831102665,-8.358232134685904,17.991285915991238,37.05870589478228,-7.30243412023014,16.530015392629466,35.97993676994869,-9.306113911443667,19.221948542587178,38.026913878792215,2.557757504631907,0.9397373515346938,0.3110232512737402,0.07580914694872454,35.97993676994869
33,30.332510798177186,14.962602885687726,3.1247994325642656,-8.358232134685904,17.991285915991238,36.97615739951406,-7.30243412023014,16.530015392629466,35.8962135977968,-9.306113911443667,19.221948542587178,37.94514022811015,2.6336193694504013,0.9397373515346938,0.3110232512737402,0.07580914694872454,35.8962135977968
34,30.24579791977623,14.964187973992068,3.1239190570772446,-8.358232134685904,17.991285915991238,36.89149846019505,-7.30243412023014,16.530015392629466,35.81018562676953,-9.306113911443667,19.221948542587178,37.86138427289067,2.708961356715318,0.9397373515346938,0.3110232512737402,0.07580914694872454,35.81018562676953
35,30.156384613999705,14.965975992509561,3.1229759779827857,-8.358232134685904,17.991285915991238,36.804284870470795,-7.30243412023014,16.530015392629466,35.721505009794235,-9.306113911443667,19.221948542587178,37.77513719935461,2.793388578417211,0.9397373515346938,0.3110232512737402,0.07580914694872454,35.721505009794235
36,30.064294780944138,14.967906208240672,3.1219584736335153,-8.358232134685904,17.991285915991238,36.71456952687323,-7.30243412023014,16.530015392629466,35.630206590568925,-9.306113911443667,19.221948542587178,37.686464196654825,2.877099008588437,0.9397373515346938,0.3110232512737402,0.07580914694872454,35.630206590568925
37,29.969550656797594,14.969971797660167,3.1208763396454584,-8.358232134685904,17.991285915991238,36.622352138804814,-7.30243412023014,16.530015392629466,35.53630533067789,-9.306113911443667,19.221948542587178,37.59535495705213,2.9601739401909772,0.9397373515346938,0.3110232512737402,0.07580914694872454,35.53630533067789
38,29.87217185128871,14.97217567129888,3.119736331285605,-8.358232134685904,17.991285915991238,36.527636737479945,-7.30243412023014,16.530015392629466,35.43981575657594,-9.306113911443667,19.221948542587178,37.50180656369762,3.0426993432740685,0.9397373515346938,0.3110232512737402,0.07580914694872454,35.43981575657594
39,29.77217464263126,14.974523446801427,3.118542480274053,-8.358232134685904,17.991285915991238,36.43043036989048,-7.30243412023014,16.530015392629466,35.34075116723286,-9.306113911443667,19.221948542587178,37.40582189316403,3.124774839976936,0.9397373515346938,0.3110232512737402,0.07580914694872454,35.34075116723286
40,29.669571740662867,14.977022927279672,3.1173053821714616,-8.358232134685904,17.991285915991238,36.33069544970413,-7.30243412023014,16.530015392629466,35.23911593608368,-9.306113911443667,19.221948542587178,37.30737795532077,3.206499753677572,0.9397373515346938,0.3110232512737402,0.07580914694872454,35.23911593608368
41,29.564371656832055,14.979682902856792,3.1160332328151976,-8.358232134685904,17.991285915991238,36.22778155631276,-7.30243412023014,16.530015392629466,35.134912081312514,-9.306113911443667,19.221948542587178,37.206455593566304,3.2879967641567944,0.9397373515346938,0.3110232512737402,0.07580914694872454,35.134912081312514
42,29.45657857623393,14.98251274821461,3.114732324619639,-8.358232134685904,17.991285915991238,36.122326062305625,-7.30243412023014,16.530015392629466,35.02813876495863,-9.306113911443667,19.221948542587178,37.10303770418186,3.369390991642468,0.9397373515346938,0.3110232512737402,0.07580914694872454,35.02813876495863
43,29.34619250487935,14.985522465292405,3.1134097493753092,-8.358232134685904,17.991285915991238,36.01431591296419,-7.30243412023014,16.530015392629466,34.91833874566933,-9.306113911443667,19.221948542587178,36.99710022693731,3.4508012028026083,0.9397373515346938,0.3110232512737402,0.07580914694872454,34.91833874566933
44,29.235966869248788,14.988341914827211,3.111999579416882,-8.358232134685904,17.991285915991238,35.90663557918345,-7.30243412023014,16.530015392629466,34.8084667861425,-9.306113911443667,19.221948542587178,36.89115670750699,3.4490886770522566,0.9397373515346938,0.3110232512737402,0.07580914694872454,34.8084667861425
45,29.128236019796173,14.99204870560178,3.1108732609702914,-8.358232134685904,17.991285915991238,35.800904564906496,-7.30243412023014,16.530015392629466,34.70098242597181,-9.306113911443667,19.221948542587178,36.78658001582956,3.378156106973537,0.9397373515346938,0.3110232512737402,0.07580914694872454,34.70098242597181
46,29.022572054407796,14.996132135609475,3.1098037414327666,-8.358232134685904,17.991285915991238,35.697125935980004,-7.30243412023014,16.530015392629466,34.595537232252774,-9.306113911443667,19.221948542587178,36.68389540191417,3.318114300940144,0.9397373515346938,0.3110232512737402,0.07580914694872454,34.595537232252774
47,28.91725843283194,15.000214165422186,3.1087073594719676,-8.358232134685904,17.991285915991238,35.5937490795574,-7.30243412023014,16.530015392629466,34.49045192674003,-9.306113911443667,19.221948542587178,36.58164000079427,3.3082574283091373,0.9397373515346938,0.3110232512737402,0.07580914694872454,34.49045192674003
48,28.809403916301726,15.00438214625541,3.1074622507670577,-8.358232134685904,17.991285915991238,35.48810571248698,-7.30243412023014,16.530015392629466,34.382868602978654,-9.306113911443667,19.221948542587178,36.47727050753625,3.385285600045181,0.9397373515346938,0.3110232512737402,0.07580914694872454,34.382868602978654
49,28.698293890401267,15.008845024148282,3.106168243833988,-8.358232134685904,17.991285915991238,35.3792923285548,-7.30243412023014,16.530015392629466,34.27203844938448,-9.306113911443667,19.221948542587178,36.36978020212695,3.482654512018288,0.9397373515346938,0.3110232512737402,0.07580914694872454,34.27203844938448
50,28.584090524175355,15.013496675668584,3.1049050554657605,-8.358232134685904,17.991285915991238,35.26732768617414,-7.30243412023014,16.530015392629466,34.1581046374297,-9.306113911443667,19.221948542587178,36.25910656262828,3.5750883378258496,0.9397373515346938,0.3110232512737402,0.07580914694872454,34.1581046374297
51,28.466777910072643,15.018317070841066,3.1036721370908005,-8.358232134685904,17.991285915991238,35.15219353564617,-7.30243412023014,16.530015392629466,34.041051915296386,-9.306113911443667,19.221948542587178,36.14523576735213,3.6686332426404773,0.9397373515346938,0.3110232512737402,0.07580914694872454,34.041051915296386
52,28.346310142385228,15.023294224576972,3.102460169425637,-8.358232134685904,17.991285915991238,35.03320533906109,-7.30243412023014,16.530015392629466,33.92083734308074,-9.306113911443667,19.221948542587178,36.02814894122441,3.7637517972767704,0.9397373515346938,0.3110232512737402,0.07580914694872454,33.92083734308074
53,28.222622219683426,15.028435148169043,3.101264571643643,-8.358232134685904,17.991285915991238,34.910974139327884,-7.30243412023014,16.530015392629466,33.797396939434684,-9.306113911443667,19.221948542587178,35.90779391603483,3.860635339175258,0.9397373515346938,0.3110232512737402,0.07580914694872454,33.797396939434684
54,28.095637794364478,15.033755553292409,3.10007681973147,-8.358232134685904,17.991285915991238,34.78543401999687,-7.30243412023014,16.530015392629466,33.67065630420987,-9.306113911443667,19.221948542587178,35.78411827396312,3.9594075063932226,0.9397373515346938,0.3110232512737402,0.07580914694872454,33.67065630420987
55,27.966192183692147,15.039028503677791,3.0989079701196895,-8.358232134685904,17.991285915991238,34.65741511544599,-7.30243412023014,16.530015392629466,33.54083314306067,-9.306113911443667,19.221948542587178,35.6576474543074,4.031083239861331,0.9397373515346938,0.3110232512737402,0.07580914694872454,33.54083314306067
56,27.834325184370076,15.044365789104058,3.097735471787077,-8.358232134685904,17.991285915991238,34.52698165081397,-7.30243412023014,16.530015392629466,33.4085774380164,-9.306113911443667,19.221948542587178,35.52842047243064,4.101317061407981,0.9397373515346938,0.3110232512737402,0.07580914694872454,33.4085774380164
57,27.701461314724945,15.049133688565524,3.0963158987669823,-8.358232134685904,17.991285915991238,34.395905802786956,-7.30243412023014,16.530015392629466,33.275297091751305,-9.306113911443667,19.221948542587178,35.39880717357524,4.12940759847028,0.9397373515346938,0.3110232512737402,0.07580914694872454,33.275297091751305
58,27.567619823580586,15.053889896544216,3.0948730976079504,-8.358232134685904,17.991285915991238,34.26388809572977,-7.30243412023014,16.530015392629466,33.14103891963578,-9.306113911443667,19.221948542587178,35.26827607801574,4.158425576998591,0.9397373515346938,0.3110232512737402,0.07580914694872454,33.14103891963578
59,27.432835236022747,15.058771511459373,3.0934641766251114,-8.358232134685904,17.991285915991238,34.13088151730233,-7.30243412023014,16.530015392629466,33.00584427328939,-9.306113911443667,19.221948542587178,35.1367209928567,4.18722542509907,0.9397373515346938,0.3110232512737402,0.07580914694872454,33.00584427328939
60,27.2972615196174,15.063769668356588,3.0920938009319046,-8.358232134685904,17.991285915991238,33.99703384518349,-7.30243412023014,16.530015392629466,32.86986820495491,-9.306113911443667,19.221948542587178,35.00428491231399,4.212249336700257,0.9397373515346938,0.3110232512737402,0.07580914694872454,32.86986820495491
61,27.161065291288683,15.068893720382336,3.0907707360812036,-8.358232134685904,17.991285915991238,33.862499196470104,-7.30243412023014,16.530015392629466,32.73327841311006,-9.306113911443667,19.221948542587178,34.87111288285844,4.2332136635129585,0.9397373515346938,0.3110232512737402,0.07580914694872454,32.73327841311006
62,27.024365389772623,15.074179245741528,3.089511282733456,-8.358232134685904,17.991285915991238,33.72737269598471,-7.30243412023014,16.530015392629466,32.596195236872674,-9.306113911443667,19.221948542587178,34.737283125148124,4.2515008286151454,0.9397373515346938,0.3110232512737402,0.07580914694872454,32.596195236872674
63,26.887233741882703,15.079665323197311,3.088326944564582,-8.358232134685904,17.991285915991238,33.591288362581956,-7.30243412023014,16.530015392629466,32.45869077982533,-9.306113911443667,19.221948542587178,34.60283801621332,4.268366430613922,0.9397373515346938,0.3110232512737402,0.07580914694872454,32.45869077982533
64,26.749699378328458,15.085389410515166,3.0872306541067713,-8.358232134685904,17.991285915991238,33.45452341952071,-7.30243412023014,16.530015392629466,32.32079463344098,-9.306113911443667,19.221948542587178,34.467773732935015,4.284899417208862,0.9397373515346938,0.3110232512737402,0.07580914694872454,32.32079463344098
65,26.611753000858194,15.09138464070808,3.086231924372955,-8.358232134685904,17.991285915991238,33.31725580472569,-7.30243412023014,16.530015392629466,32.18249749787617,-9.306113911443667,19.221948542587178,34.33205639646743,4.302035415795204,0.9397373515346938,0.3110232512737402,0.07580914694872454,32.18249749787617
66,26.473352774337645,15.097678170937197,3.0853357300328033,-8.358232134685904,17.991285915991238,33.179437659915244,-7.30243412023014,16.530015392629466,32.04375684991812,-9.306113911443667,19.221948542587178,34.195630629869804,4.320544312269213,0.9397373515346938,0.3110232512737402,0.07580914694872454,32.04375684991812
67,26.33456791557945,15.104260007560978,3.0845202788586104,-8.358232134685904,17.991285915991238,33.04115550065979,-7.30243412023014,16.530015392629466,31.904578752845485,-9.306113911443667,19.221948542587178,34.05840962341098,4.337383997461007,0.9397373515346938,0.3110232512737402,0.07580914694872454,31.904578752845485
68,26.1952131849266,15.111220214988572,3.0838177221064464,-8.358232134685904,17.991285915991238,32.90219306709617,-7.30243412023014,16.530015392629466,31.76453000191854,-9.306113911443667,19.221948542587178,33.92017510348704,4.35936443198266,0.9397373515346938,0.3110232512737402,0.07580914694872454,31.76453000191854
69,26.055136105209215,15.118549883485567,3.0832176885598024,-8.358232134685904,17.991285915991238,32.76240653566886,-7.30243412023014,16.530015392629466,31.623815381239684,-9.306113911443667,19.221948542587178,33.78100998299658,4.385406793831665,0.9397373515346938,0.3110232512737402,0.07580914694872454,31.623815381239684
70,25.91430702289319,15.126232984175711,3.0827115107891383,-8.358232134685904,17.991285915991238,32.62177385865661,-7.30243412023014,16.530015392629466,31.48239941408431,-9.306113911443667,19.221948542587178,33.640901172098914,4.41175786220254,0.9397373515346938,0.3110232512737402,0.07580914694872454,31.48239941408431
71,25.77302901512428,15.134228216555789,3.0822781069728973,-8.358232134685904,17.991285915991238,32.48061663119808,-7.30243412023014,16.530015392629466,31.340570937626428,-9.306113911443667,19.221948542587178,33.50019198080016,4.428313896578593,0.9397373515346938,0.3110232512737402,0.07580914694872454,31.340570937626428
72,25.631537979660298,15.142472917140559,3.0818782514231167,-8.358232134685904,17.991285915991238,32.33920527658949,-7.30243412023014,16.530015392629466,31.198539460654533,-9.306113911443667,19.221948542587178,33.35919326821543,4.437075871173175,0.9397373515346938,0.3110232512737402,0.07580914694872454,31.198539460654533
73,25.489937600201824,15.150937428313302,3.0814913173442244,-8.358232134685904,17.991285915991238,32.19766150901531,-7.30243412023014,16.530015392629466,31.05639464878858,-9.306113911443667,19.221948542587178,33.21804799796354,4.442108007888834,0.9397373515346938,0.3110232512737402,0.07580914694872454,31.05639464878858
74,25.34827906542018,15.159596395402568,3.0811013592790526,-8.358232134685904,17.991285915991238,32.0560506990675,-7.30243412023014,16.530015392629466,30.91417711487589,-9.306113911443667,19.221948542587178,33.07683798189186,4.445044846569281,0.9397373515346938,0.3110232512737402,0.07580914694872454,30.91417711487589
75,25.206593435879107,15.168428185249788,3.080691274391406,-8.358232134685904,17.991285915991238,31.914418877955768,-7.30243412023014,16.530015392629466,30.771906315148563,-9.306113911443667,19.221948542587178,32.935626868981394,4.446559151228035,0.9397373515346938,0.3110232512737402,0.07580914694872454,30.771906315148563
76,25.064903660523274,15.177410857895627,3.080250409202308,-8.358232134685904,17.991285915991238,31.772798880656083,-7.30243412023014,16.530015392629466,30.629598566465518,-9.306113911443667,19.221948542587178,32.79445849802073,4.446958121347979,0.9397373515346938,0.3110232512737402,0.07580914694872454,30.629598566465518
77,24.923229471129613,15.186525065595415,3.07976891720533,-8.358232134685904,17.991285915991238,31.63121956826916,-7.30243412023014,16.530015392629466,30.48726745779195,-9.306113911443667,19.221948542587178,32.65337189587178,4.4464108832227405,0.9397373515346938,0.3110232512737402,0.07580914694872454,30.48726745779195
78,24.78158842044237,15.195751377170996,3.0792413327628045,-8.358232134685904,17.991285915991238,31.489704153772035,-7.30243412023014,16.530015392629466,30.344927760753375,-9.306113911443667,19.221948542587178,32.512395947927665,4.44504624736509,0.9397373515346938,0.3110232512737402,0.07580914694872454,30.344927760753375
79,24.6400405802305,15.205040992581246,3.0786748592787947,-8.358232134685904,17.991285915991238,31.34830988222982,-7.30243412023014,16.530015392629466,30.20264816735218,-9.306113911443667,19.221948542587178,32.37158069001984,4.44118760658578,0.9397373515346938,0.3110232512737402,0.07580914694872454,30.20264816735218
80,24.498575236212453,15.214378619432388,3.07804910109993,-8.358232134685904,17.991285915991238,31.207043562569545,-7.30243412023014,16.530015392629466,30.060403761394166,-9.306113911443667,19.221948542587178,32.230953911923606,4.43761840620718,0.9397373515346938,0.3110232512737402,0.07580914694872454,30.060403761394166
81,24.357191826263062,15.223762388327806,3.077364153153687,-8.358232134685904,17.991285915991238,31.065904895093823,-7.30243412023014,16.530015392629466,29.918194390503047,-9.306113911443667,19.221948542587178,32.0905152143821,4.434080291867373,0.9397373515346938,0.3110232512737402,0.07580914694872454,29.918194390503047
82,24.215896501420566,15.233190639404377,3.0766240438314805,-8.358232134685904,17.991285915991238,30.924897105890178,-7.30243412023014,16.530015392629466,29.776029557966222,-9.306113911443667,19.221948542587178,31.950263686392415,4.430351550377136,0.9397373515346938,0.3110232512737402,0.07580914694872454,29.776029557966222
83,24.074692484768697,15.24266176329764,3.0758328112412854,-8.358232134685904,17.991285915991238,30.784020483437843,-7.30243412023014,16.530015392629466,29.633915846278132,-9.306113911443667,19.221948542587178,31.810195470196547,4.4265490476912905,0.9397373515346938,0.3110232512737402,0.07580914694872454,29.633915846278132
84,23.93357979572775,15.25217770461998,3.0749939768968235,-8.358232134685904,17.991285915991238,30.643272318157557,-7.30243412023014,16.530015392629466,29.491856017919186,-9.306113911443667,19.221948542587178,31.670304225402077,4.422804904833273,0.9397373515346938,0.3110232512737402,0.07580914694872454,29.491856017919186
85,23.792555406730795,15.261742093467955,3.0741150037499265,-8.358232134685904,17.991285915991238,30.50264354265211,-7.30243412023014,16.530015392629466,29.349852615878817,-9.306113911443667,19.221948542587178,31.530573204779515,4.419233886842826,0.9397373515346938,0.3110232512737402,0.07580914694872454,29.349852615878817
86,23.651613986642154,15.271360923778998,3.0732035586738915,-8.358232134685904,17.991285915991238,30.361858374293114,-7.30243412023014,16.530015392629466,29.207905846486355,-9.306113911443667,19.221948542587178,31.390982798638934,4.415926271357958,0.9397373515346938,0.3110232512737402,0.07580914694872454,29.207905846486355
87,23.51074824264933,15.281040845426034,3.072268972580084,-8.358232134685904,17.991285915991238,30.220917113492423,-7.30243412023014,16.530015392629466,29.06601510740404,-9.306113911443667,19.221948542587178,31.25150828749948,4.41295310426888,0.9397373515346938,0.3110232512737402,0.07580914694872454,29.06601510740404
88,23.369949614634702,15.290789029914892,3.0713191128270148,-8.358232134685904,17.991285915991238,30.08004327943623,-7.30243412023014,16.530015392629466,28.924177356289285,-9.306113911443667,19.221948542587178,31.11212629508935,4.41036160301347,0.9397373515346938,0.3110232512737402,0.07580914694872454,28.924177356289285
89,23.229208851918756,15.300613611501861,3.0703611513698696,-8.358232134685904,17.991285915991238,29.939225143467457,-7.30243412023014,16.530015392629466,28.78238823492518,-9.306113911443667,19.221948542587178,30.972813927523035,4.408179086642031,0.9397373515346938,0.3110232512737402,0.07580914694872454,28.78238823492518
90,23.088516313563964,15.310522513741452,3.0694032887624756,-8.358232134685904,17.991285915991238,29.798450272608118,-7.30243412023014,16.530015392629466,28.640643718296605,-9.306113911443667,19.221948542587178,30.833373731513486,4.40641750111719,0.9397373515346938,0.3110232512737402,0.07580914694872454,28.640643718296605
91,22.947862512960633,15.320523967321163,3.068453501673446,-8.358232134685904,17.991285915991238,29.657706371460502,-7.30243412023014,16.530015392629466,28.498939694782827,-9.306113911443667,19.221948542587178,30.693608686826348,4.405071510063009,0.9397373515346938,0.3110232512737402,0.07580914694872454,28.498939694782827
92,22.807238230993136,15.33062461837686,3.0675207230375174,-8.358232134685904,17.991285915991238,29.51698121159378,-7.30243412023014,16.530015392629466,28.357273067196065,-9.306113911443667,19.221948542587178,30.553844508032387,4.404124970573234,0.9397373515346938,0.3110232512737402,0.07580914694872454,28.357273067196065
93,22.666635039685936,15.34083040693764,3.066611547567282,-8.358232134685904,17.991285915991238,29.376264006521993,-7.30243412023014,16.530015392629466,28.215639804109657,-9.306113911443667,19.221948542587178,30.414063613858815,4.403546879348691,0.9397373515346938,0.3110232512737402,0.07580914694872454,28.215639804109657
94,22.52604529638345,15.351145149552037,3.065731701908495,-8.358232134685904,17.991285915991238,29.23554511981864,-7.30243412023014,16.530015392629466,28.07403611915517,-9.306113911443667,19.221948542587178,30.27425047253686,4.403300385008011,0.9397373515346938,0.3110232512737402,0.07580914694872454,28.07403611915517
95,22.385462544616413,15.361572382856883,3.0648840118275933,-8.358232134685904,17.991285915991238,29.0948169120663,-7.30243412023014,16.530015392629466,27.932457284253545,-9.306113911443667,19.221948542587178,30.134394527459538,4.403340028654285,0.9397373515346938,0.3110232512737402,0.07580914694872454,27.932457284253545
96,22.244881227948913,15.372113414818497,3.0640716800991914,-8.358232134685904,17.991285915991238,28.954072691351385,-7.30243412023014,16.530015392629466,27.79089987309482,-9.306113911443667,19.221948542587178,29.994485791542914,4.403621935520816,0.9397373515346938,0.3110232512737402,0.07580914694872454,27.79089987309482
97,22.104297078118975,15.382770045523916,3.0632955668553445,-8.358232134685904,17.991285915991238,28.81330767351072,-7.30243412023014,16.530015392629466,27.649360003879462,-9.306113911443667,19.221948542587178,29.85451858736173,4.40409736032396,0.9397373515346938,0.3110232512737402,0.07580914694872454,27.649360003879462
98,21.963706621821313,15.393542205756505,3.0625597343927584,-8.358232134685904,17.991285915991238,28.672517086991995,-7.30243412023014,16.530015392629466,27.507837023198096,-9.306113911443667,19.221948542587178,29.71448397175004,4.404724895455428,0.9397373515346938,0.3110232512737402,0.07580914694872454,27.507837023198096
99,21.82310726541687,15.404427351364502,3.061865326824933,-8.358232134685904,17.991285915991238,28.53169805740583,-7.30243412023014,16.530015392629466,27.36632919196542,-9.306113911443667,19.221948542587178,29.574377903548008,4.405460237881686,0.9397373515346938,0.3110232512737402,0.07580914694872454,27.36632919196542
100,21.68249748580528,15.41542283182285,3.0612093696826106,-8.358232134685904,17.991285915991238,28.3908499881755,-7.30243412023014,16.530015392629466,27.224832883491132,-9.306113911443667,19.221948542587178,29.434202845816355,4.406260017330203,0.9397373515346938,0.3110232512737402,0.07580914694872454,27.224832883491132
101,21.54187655708344,15.426526427500622,3.0605911773653296,-8.358232134685904,17.991285915991238,28.249972398424486,-7.30243412023014,16.530015392629466,27.083346907698584,-9.306113911443667,19.221948542587178,29.29395902671538,4.40709021567854,0.9397373515346938,0.3110232512737402,0.07580914694872454,27.083346907698584
102,21.40124416098691,15.437733730155648,3.0600125214415694,-8.358232134685904,17.991285915991238,28.109064668817183,-7.30243412023014,16.530015392629466,26.94187239207278,-9.306113911443667,19.221948542587178,29.153644024091115,4.407922744226067,0.9397373515346938,0.3110232512737402,0.07580914694872454,26.94187239207278
103,21.26060061520175,15.44903971275755,3.0594714642304885,-8.358232134685904,17.991285915991238,27.968127953159,-7.30243412023014,16.530015392629466,26.80040847936246,-9.306113911443667,19.221948542587178,29.01326099742701,4.408729031620369,0.9397373515346938,0.3110232512737402,0.07580914694872454,26.80040847936246
104,21.119946719748974,15.460439337748207,3.0589658845396444,-8.358232134685904,17.991285915991238,27.8271639562552,-7.30243412023014,16.530015392629466,26.658954678039485,-9.306113911443667,19.221948542587178,28.87281384550276,4.409487560208781,0.9397373515346938,0.3110232512737402,0.07580914694872454,26.658954678039485
105,20.979283556928248,15.471927053768772,3.0584948453126275,-8.358232134685904,17.991285915991238,27.686174366473452,-7.30243412023014,16.530015392629466,26.51751167008288,-9.306113911443667,19.221948542587178,28.732305238108022,4.410182729486735,0.9397373515346938,0.3110232512737402,0.07580914694872454,26.51751167008288
106,20.83861237809777,15.483496119484556,3.058056270222664,-8.358232134685904,17.991285915991238,27.545161478216855,-7.30243412023014,16.530015392629466,26.37607957646018,-9.306113911443667,19.221948542587178,28.591739625089353,4.41080222810236,0.9397373515346938,0.3110232512737402,0.07580914694872454,26.37607957646018
107,20.697934613682815,15.495139109548257,3.0576441480626824,-8.358232134685904,17.991285915991238,27.40412900124084,-7.30243412023014,16.530015392629466,26.234655949685646,-9.306113911443667,19.221948542587178,28.45112691101549,4.411336418841066,0.9397373515346938,0.3110232512737402,0.07580914694872454,26.234655949685646
108,20.557252116121845,15.506852121052871,3.057252035939107,-8.358232134685904,17.991285915991238,27.263080952612253,-7.30243412023014,16.530015392629466,26.093238261800156,-9.306113911443667,19.221948542587178,28.31047773485081,4.4117806524457635,0.9397373515346938,0.3110232512737402,0.07580914694872454,26.093238261800156
109,20.416566390589495,15.518629084317794,3.056880256101139,-8.358232134685904,17.991285915991238,27.122019160493355,-7.30243412023014,16.530015392629466,25.95182860099454,-9.306113911443667,19.221948542587178,28.169793616528782,4.41213813902411,0.9397373515346938,0.3110232512737402,0.07580914694872454,25.95182860099454
110,20.275879138707502,15.530465641554542,3.0565244092038935,-8.358232134685904,17.991285915991238,26.980832136789648,-7.30243412023014,16.530015392629466,25.810425795784283,-9.306113911443667,19.221948542587178,28.02908239774945,4.412408715540699,0.9397373515346938,0.3110232512737402,0.07580914694872454,25.810425795784283
111,20.1351919467784,15.54235798223998,3.0561835585425494,-8.358232134685904,17.991285915991238,26.839565371902967,-7.30243412023014,16.530015392629466,25.669030993419838,-9.306113911443667,19.221948542587178,27.888347180683915,4.412598273558897,0.9397373515346938,0.3110232512737402,0.07580914694872454,25.669030993419838
112,19.99450621266911,15.55430206831657,3.0558579552069665,-8.358232134685904,17.991285915991238,26.698299198576294,-7.30243412023014,16.530015392629466,25.527646010175808,-9.306113911443667,19.221948542587178,27.747589324239886,4.412713625769005,0.9397373515346938,0.3110232512737402,0.07580914694872454,25.527646010175808
113,19.85382323553928,15.566294567680186,3.055547455505632,-8.358232134685904,17.991285915991238,26.55703516091927,-7.30243412023014,16.530015392629466,25.386272240052673,-9.306113911443667,19.221948542587178,27.60681055719736,4.412762105245479,0.9397373515346938,0.3110232512737402,0.07580914694872454,25.386272240052673
114,19.71314403094828,15.578331378713314,3.0552528197080937,-8.358232134685904,17.991285915991238,26.415774819208572,-7.30243412023014,16.530015392629466,25.244911479314965,-9.306113911443667,19.221948542587178,27.466011186682476,4.412752646306896,0.9397373515346938,0.3110232512737402,0.07580914694872454,25.244911479314965
115,19.572469435342718,15.590408303602361,3.0549720735589165,-8.358232134685904,17.991285915991238,26.274518888537816,-7.30243412023014,16.530015392629466,25.10356342040281,-9.306113911443667,19.221948542587178,27.32519498277055,4.412693365763683,0.9397373515346938,0.3110232512737402,0.07580914694872454,25.10356342040281
116,19.431800185160288,15.602522251908212,3.0547022326870374,-8.358232134685904,17.991285915991238,26.133267635545376,-7.30243412023014,16.530015392629466,24.96222688218991,-9.306113911443667,19.221948542587178,27.18436687637532,4.412593168510278,0.9397373515346938,0.3110232512737402,0.07580914694872454,24.96222688218991
117,19.29113684891547,15.614670968817054,3.054442434179705,-8.358232134685904,17.991285915991238,25.99202160982033,-7.30243412023014,16.530015392629466,24.82090196584614,-9.306113911443667,19.221948542587178,27.04352874931165,4.412461895523273,0.9397373515346938,0.3110232512737402,0.07580914694872454,24.82090196584614
118,19.150479752162095,15.626851975797994,3.054192905654495,-8.358232134685904,17.991285915991238,25.850781410823583,-7.30243412023014,16.530015392629466,24.679589312115347,-9.306113911443667,19.221948542587178,26.902680809557097,4.4123086558301186,0.9397373515346938,0.3110232512737402,0.07580914694872454,24.679589312115347
119,19.00982902542958,15.639062516459632,3.053951881473269,-8.358232134685904,17.991285915991238,25.709546980818995,-7.30243412023014,16.530015392629466,24.538287983353392,-9.306113911443667,19.221948542587178,26.761825746290317,4.412141001372957,0.9397373515346938,0.3110232512737402,0.07580914694872454,24.538287983353392
120,18.869184893798753,15.65130268877372,3.0537176678367772,-8.358232134685904,17.991285915991238,25.568318107288093,-7.30243412023014,16.530015392629466,24.39699701872049,-9.306113911443667,19.221948542587178,26.620966025195187,4.411966161845817,0.9397373515346938,0.3110232512737402,0.07580914694872454,24.39699701872049
121,18.728547145349854,15.663570284364605,3.0534938575641544,-8.358232134685904,17.991285915991238,25.427095658849545,-7.30243412023014,16.530015392629466,24.255718869199164,-9.306113911443667,19.221948542587178,26.480096818063018,4.411792257043354,0.9397373515346938,0.3110232512737402,0.07580914694872454,24.255718869199164
122,18.587915701331653,15.67586534655066,3.0532800140118694,-8.358232134685904,17.991285915991238,25.285879433414802,-7.30243412023014,16.530015392629466,24.11445315281284,-9.306113911443667,19.221948542587178,26.339218615758696,4.411623436678375,0.9397373515346938,0.3110232512737402,0.07580914694872454,24.11445315281284
123,18.44729009659768,15.68818539422269,3.0530793325581373,-8.358232134685904,17.991285915991238,25.144669971856587,-7.30243412023014,16.530015392629466,23.973201794522684,-9.306113911443667,19.221948542587178,26.198326881579664,4.411465279731994,0.9397373515346938,0.3110232512737402,0.07580914694872454,23.973201794522684
124,18.306669908408452,15.700528642308521,3.052889028817784,-8.358232134685904,17.991285915991238,25.003466328882823,-7.30243412023014,16.530015392629466,23.831962533753348,-9.306113911443667,19.221948542587178,26.057425036728386,4.411319733634742,0.9397373515346938,0.3110232512737402,0.07580914694872454,23.831962533753348
125,18.166054713418504,15.712894144528612,3.0527073463731162,-8.358232134685904,17.991285915991238,24.862267733873246,-7.30243412023014,16.530015392629466,23.690733783970625,-9.306113911443667,19.221948542587178,25.91647939080858,4.411189756649945,0.9397373515346938,0.3110232512737402,0.07580914694872454,23.690733783970625
126,18.02544403433217,15.725281045163497,3.0525343562506837,-8.358232134685904,17.991285915991238,24.721073801484064,-7.30243412023014,16.530015392629466,23.549515178332314,-9.306113911443667,19.221948542587178,25.775468002665242,4.411077507918758,0.9397373515346938,0.3110232512737402,0.07580914694872454,23.549515178332314
127,17.884837396101236,15.737688762876502,3.052370307837789,-8.358232134685904,17.991285915991238,24.579884166430606,-7.30243412023014,16.530015392629466,23.408306460282073,-9.306113911443667,19.221948542587178,25.634451692224125,4.410983848907292,0.9397373515346938,0.3110232512737402,0.07580914694872454,23.408306460282073
128,17.74423431131711,15.750116684714431,3.0522160682275676,-8.358232134685904,17.991285915991238,24.438698604530362,-7.30243412023014,16.530015392629466,23.26710779249289,-9.306113911443667,19.221948542587178,25.493429348371144,4.410909024981796,0.9397373515346938,0.3110232512737402,0.07580914694872454,23.26710779249289
129,17.60363424203127,15.762563513635127,3.052072049674989,-8.358232134685904,17.991285915991238,24.297516795453344,-7.30243412023014,16.530015392629466,23.125919009307573,-9.306113911443667,19.221948542587178,25.35240023355651,4.41085245183911,0.9397373515346938,0.3110232512737402,0.07580914694872454,23.125919009307573
130,17.46303672351179,15.775028397021856,3.051937077011537,-8.358232134685904,17.991285915991238,24.15633806467203,-7.30243412023014,16.530015392629466,22.98473888807044,-9.306113911443667,19.221948542587178,25.211364883390438,4.410812890532147,0.9397373515346938,0.3110232512737402,0.07580914694872454,22.98473888807044
131,17.322441304250518,15.787510390087506,3.05181076929542,-8.358232134685904,17.991285915991238,24.015161953657323,-7.30243412023014,16.530015392629466,22.84356677906185,-9.306113911443667,19.221948542587178,25.070323234777273,4.410789204866575,0.9397373515346938,0.3110232512737402,0.07580914694872454,22.84356677906185
132,17.181847611803807,15.800009006097085,3.0516928614438577,-8.358232134685904,17.991285915991238,23.873988067987234,-7.30243412023014,16.530015392629466,22.702402166199228,-9.306113911443667,19.221948542587178,24.929275167994735,4.4107797706693646,0.9397373515346938,0.3110232512737402,0.07580914694872454,22.702402166199228
133,17.041255251353395,15.8125231058444,3.0515838081930764,-8.358232134685904,17.991285915991238,23.732816227886627,-7.30243412023014,16.530015392629466,22.56124504880049,-9.306113911443667,19.221948542587178,24.788220042080738,4.4107828162022535,0.9397373515346938,0.3110232512737402,0.07580914694872454,22.56124504880049
134,16.90066386372935,15.825051330748328,3.051482082540042,-8.358232134685904,17.991285915991238,23.591645830373313,-7.30243412023014,16.530015392629466,22.4200941007201,-9.306113911443667,19.221948542587178,24.647158827268104,4.41079605534958,0.9397373515346938,0.3110232512737402,0.07580914694872454,22.4200941007201
135,16.76007323770869,15.837593445067684,3.051385864246702,-8.358232134685904,17.991285915991238,23.45047624339669,-7.30243412023014,16.530015392629466,22.27894787898795,-9.306113911443667,19.221948542587178,24.506092760783446,4.4108175989738285,0.9397373515346938,0.3110232512737402,0.07580914694872454,22.27894787898795
136,16.6194831066915,15.85014825328887,3.0512952670147473,-8.358232134685904,17.991285915991238,23.30930733986415,-7.30243412023014,16.530015392629466,22.13780628215265,-9.306113911443667,19.221948542587178,24.365021604445104,4.4108457549449165,0.9397373515346938,0.3110232512737402,0.07580914694872454,22.13780628215265
137,16.47889334760203,15.862715529534322,3.051208450881818,-8.358232134685904,17.991285915991238,23.168138571275307,-7.30243412023014,16.530015392629466,21.99666794611626,-9.306113911443667,19.221948542587178,24.223946698982697,4.410878384370276,0.9397373515346938,0.3110232512737402,0.07580914694872454,21.99666794611626
138,16.338303921868956,15.875295665356216,3.051126350722758,-8.358232134685904,17.991285915991238,23.026970086092348,-7.30243412023014,16.530015392629466,21.85553347641325,-9.306113911443667,19.221948542587178,24.082867232574518,4.410914168666037,0.9397373515346938,0.3110232512737402,0.07580914694872454,21.85553347641325
139,16.19771474281413,15.887888161424495,3.05105176149093,-8.358232134685904,17.991285915991238,22.885802518771897,-7.30243412023014,16.530015392629466,21.71440476343877,-9.306113911443667,19.221948542587178,23.941780975180905,4.410951557677856,0.9397373515346938,0.3110232512737402,0.07580914694872454,21.71440476343877
140,16.05712570996958,15.900491873862928,3.0509854828977145,-8.358232134685904,17.991285915991238,22.744636068830385,-7.30243412023014,16.530015392629466,21.57328233905012,-9.306113911443667,19.221948542587178,23.800687311786902,4.410988755860715,0.9397373515346938,0.3110232512737402,0.07580914694872454,21.57328233905012
141,15.916536705230168,15.913105119789055,3.0509262621508677,-8.358232134685904,17.991285915991238,22.603470474118613,-7.30243412023014,16.530015392629466,21.432165331877655,-9.306113911443667,19.221948542587178,23.659587273635935,4.4110244371420615,0.9397373515346938,0.3110232512737402,0.07580914694872454,21.432165331877655
142,15.775947684541354,15.925726803520696,3.050871371841075,-8.358232134685904,17.991285915991238,22.462305134987968,-7.30243412023014,16.530015392629466,21.291051898207748,-9.306113911443667,19.221948542587178,23.518483064414365,4.411057751440998,0.9397373515346938,0.3110232512737402,0.07580914694872454,21.291051898207748
143,15.63535873022487,15.938357128316756,3.0508200771095493,-8.358232134685904,17.991285915991238,22.32113993570872,-7.30243412023014,16.530015392629466,21.149941624055884,-9.306113911443667,19.221948542587178,23.37737532204695,4.411088367433901,0.9397373515346938,0.3110232512737402,0.07580914694872454,21.149941624055884
144,15.494769738466365,15.950994155533017,3.0507733890901054,-8.358232134685904,17.991285915991238,22.179975200978944,-7.30243412023014,16.530015392629466,21.00883523114113,-9.306113911443667,19.221948542587178,23.23626334342569,4.41111561956392,0.9397373515346938,0.3110232512737402,0.07580914694872454,21.00883523114113
145,15.354180791294514,15.963637728763615,3.050727593043152,-8.358232134685904,17.991285915991238,22.03881013009707,-7.30243412023014,16.530015392629466,20.867730278592585,-9.306113911443667,19.221948542587178,23.095150139287874,4.411138841092658,0.9397373515346938,0.3110232512737402,0.07580914694872454,20.867730278592585
146,15.213592018962657,15.976288340110223,3.0506833146108367,-8.358232134685904,17.991285915991238,21.8976449565774,-7.30243412023014,16.530015392629466,20.726627325474226,-9.306113911443667,19.221948542587178,22.954035299914054,4.411158423429697,0.9397373515346938,0.3110232512737402,0.07580914694872454,20.726627325474226
147,15.073003466782072,15.988945518802105,3.0506429226688647,-8.358232134685904,17.991285915991238,21.756480341849404,-7.30243412023014,16.530015392629466,20.58552809452668,-9.306113911443667,19.221948542587178,22.812917060217472,4.411174172683952,0.9397373515346938,0.3110232512737402,0.07580914694872454,20.58552809452668
148,14.932415172166499,16.00160861829559,3.0506065292979083,-8.358232134685904,17.991285915991238,21.615316411568237,-7.30243412023014,16.530015392629466,20.444432758791443,-9.306113911443667,19.221948542587178,22.67179543481886,4.411185851085399,0.9397373515346938,0.3110232512737402,0.07580914694872454,20.444432758791443
149,14.791827129511278,16.01427658792504,3.0505733019548837,-8.358232134685904,17.991285915991238,21.474153059323054,-7.30243412023014,16.530015392629466,20.303340823179273,-9.306113911443667,19.221948542587178,22.53067117681959,4.41119367895553,0.9397373515346938,0.3110232512737402,0.07580914694872454,20.303340823179273
150,14.651239408141462,16.026949301362993,3.050541793466631,-8.358232134685904,17.991285915991238,21.332990016907516,-7.30243412023014,16.530015392629466,20.162251398160905,-9.306113911443667,19.221948542587178,22.38954550352158,4.411198119733889,0.9397373515346938,0.3110232512737402,0.07580914694872454,20.162251398160905
151,14.510652068598908,16.03962668442261,3.0505128835883717,-8.358232134685904,17.991285915991238,21.191827564076092,-7.30243412023014,16.530015392629466,20.02116517767756,-9.306113911443667,19.221948542587178,22.248417793935893,4.411199717980261,0.9397373515346938,0.3110232512737402,0.07580914694872454,20.02116517767756
152,14.370065156059427,16.05230855246191,3.050487972254038,-8.358232134685904,17.991285915991238,21.050666101501495,-7.30243412023014,16.530015392629466,19.880083200687817,-9.306113911443667,19.221948542587178,22.107287015392618,4.411198740928358,0.9397373515346938,0.3110232512737402,0.07580914694872454,19.880083200687817
153,14.22947855991768,16.06499307548531,3.0504670279516612,-8.358232134685904,17.991285915991238,20.909505686683847,-7.30243412023014,16.530015392629466,19.73900545848511,-9.306113911443667,19.221948542587178,21.96615326749117,4.411195298702007,0.9397373515346938,0.3110232512737402,0.07580914694872454,19.73900545848511
154,14.088892341052611,16.07768041511369,3.0504466579521488,-8.358232134685904,17.991285915991238,20.76834554617716,-7.30243412023014,16.530015392629466,19.597929713236443,-9.306113911443667,19.221948542587178,21.82501925560122,4.41118998828761,0.9397373515346938,0.3110232512737402,0.07580914694872454,19.597929713236443
155,13.948306520577338,16.090370526101424,3.0504279537905554,-8.358232134685904,17.991285915991238,20.627185969236397,-7.30243412023014,16.530015392629466,19.456856764070587,-9.306113911443667,19.221948542587178,21.683884151307684,4.411183612508451,0.9397373515346938,0.3110232512737402,0.07580914694872454,19.456856764070587
156,13.807721079939554,16.10306295490774,3.050411626841892,-8.358232134685904,17.991285915991238,20.48602715306177,-7.30243412023014,16.530015392629466,19.315787131494922,-9.306113911443667,19.221948542587178,21.542747425999007,4.411176284363385,0.9397373515346938,0.3110232512737402,0.07580914694872454,19.315787131494922
157,13.66713603154517,16.115757652925147,3.0503975216211403,-8.358232134685904,17.991285915991238,20.34486907772217,-7.30243412023014,16.530015392629466,19.174720754518873,-9.306113911443667,19.221948542587178,21.401609220774844,4.411168326312593,0.9397373515346938,0.3110232512737402,0.07580914694872454,19.174720754518873
158,13.526551315155524,16.128453877069564,3.0503860149114455,-8.358232134685904,17.991285915991238,20.20371184612217,-7.30243412023014,16.530015392629466,19.033657898972226,-9.306113911443667,19.221948542587178,21.260469257350938,4.411160059043966,0.9397373515346938,0.3110232512737402,0.07580914694872454,19.033657898972226
159,13.38596686577144,16.141150902065863,3.0503755058686055,-8.358232134685904,17.991285915991238,20.062555077033313,-7.30243412023014,16.530015392629466,18.89259747993149,-9.306113911443667,19.221948542587178,21.11932880028227,4.411151718900434,0.9397373515346938,0.3110232512737402,0.07580914694872454,18.89259747993149
160,13.245382721744175,16.153849250722146,3.050364791069623,-8.358232134685904,17.991285915991238,19.92139846836239,-7.30243412023014,16.530015392629466,18.751538725107448,-9.306113911443667,19.221948542587178,20.978188779737287,4.411143831356027,0.9397373515346938,0.3110232512737402,0.07580914694872454,18.751538725107448
161,13.104798810936327,16.16654829493205,3.050354947317098,-8.358232134685904,17.991285915991238,19.780242269386203,-7.30243412023014,16.530015392629466,18.61048236250673,-9.306113911443667,19.221948542587178,20.83704834582758,4.411136529476748,0.9397373515346938,0.3110232512737402,0.07580914694872454,18.61048236250673
162,12.964215171717646,16.179248604353376,3.0503450057475345,-8.358232134685904,17.991285915991238,19.63908623012045,-7.30243412023014,16.530015392629466,18.469427780420244,-9.306113911443667,19.221948542587178,20.69590824014574,4.411129889683307,0.9397373515346938,0.3110232512737402,0.07580914694872454,18.469427780420244
163,12.82363170796844,16.19194933027854,3.0503357333215715,-8.358232134685904,17.991285915991238,19.497930522429623,-7.30243412023014,16.530015392629466,18.328375484541677,-9.306113911443667,19.221948542587178,20.554767854217584,4.4111239896543895,0.9397373515346938,0.3110232512737402,0.07580914694872454,18.328375484541677
164,12.683048501333252,16.20465156626164,3.0503257677930833,-8.358232134685904,17.991285915991238,19.356774793806142,-7.30243412023014,16.530015392629466,18.187324617601604,-9.306113911443667,19.221948542587178,20.41362822751605,4.411118981602932,0.9397373515346938,0.3110232512737402,0.07580914694872454,18.187324617601604
165,12.5424654363816,16.217354292137752,3.050317048129617,-8.358232134685904,17.991285915991238,19.215619497068236,-7.30243412023014,16.530015392629466,18.046276469656863,-9.306113911443667,19.221948542587178,20.272487832681406,4.411114854460633,0.9397373515346938,0.3110232512737402,0.07580914694872454,18.046276469656863
166,12.401882515600146,16.230057722726837,3.0503070515041424,-8.358232134685904,17.991285915991238,19.074464004300584,-7.30243412023014,16.530015392629466,17.905229367304987,-9.306113911443667,19.221948542587178,20.131348627151144,4.411111467849045,0.9397373515346938,0.3110232512737402,0.07580914694872454,17.905229367304987
167,12.261299822794706,16.242763039282284,3.0502966670580767,-8.358232134685904,17.991285915991238,18.933308501135592,-7.30243412023014,16.530015392629466,17.764183982403342,-9.306113911443667,19.221948542587178,19.990209881102313,4.411109210162964,0.9397373515346938,0.3110232512737402,0.07580914694872454,17.764183982403342
168,12.120717280057578,16.255469586727045,3.0502887837245973,-8.358232134685904,17.991285915991238,18.792153673255136,-7.30243412023014,16.530015392629466,17.62314226505999,-9.306113911443667,19.221948542587178,19.849069325629536,4.411107721190452,0.9397373515346938,0.3110232512737402,0.07580914694872454,17.62314226505999
169,11.980134863555415,16.268177217068043,3.050282219298747,-8.358232134685904,17.991285915991238,18.650999225969947,-7.30243412023014,16.530015392629466,17.482103444169574,-9.306113911443667,19.221948542587178,19.70792787984062,4.411106714097851,0.9397373515346938,0.3110232512737402,0.07580914694872454,17.482103444169574
170,11.839552565006404,16.28088600863939,3.0502769735010715,-8.358232134685904,17.991285915991238,18.509845144458232,-7.30243412023014,16.530015392629466,17.341067553338323,-9.306113911443667,19.221948542587178,19.566785530737405,4.411106392816152,0.9397373515346938,0.3110232512737402,0.07580914694872454,17.341067553338323
171,11.698970298743552,16.293595171453163,3.050273204319301,-8.358232134685904,17.991285915991238,18.36869145891797,-7.30243412023014,16.530015392629466,17.200034698520085,-9.306113911443667,19.221948542587178,19.425642152789102,4.411106578987262,0.9397373515346938,0.3110232512737402,0.07580914694872454,17.200034698520085
172,11.558388071489503,16.30630490869027,3.050269292566295,-8.358232134685904,17.991285915991238,18.22753776506317,-7.30243412023014,16.530015392629466,17.059003836267465,-9.306113911443667,19.221948542587178,19.28449900107429,4.41110725038239,0.9397373515346938,0.3110232512737402,0.07580914694872454,17.059003836267465
173,11.41780586464331,16.319015154833448,3.0502656764902456,-8.358232134685904,17.991285915991238,18.086384157889864,-7.30243412023014,16.530015392629466,16.917975298214664,-9.306113911443667,19.221948542587178,19.143355724021855,4.411108423810433,0.9397373515346938,0.3110232512737402,0.07580914694872454,16.917975298214664
174,11.277223711383964,16.331726352349552,3.050262767309635,-8.358232134685904,17.991285915991238,17.945230728546523,-7.30243412023014,16.530015392629466,16.77694942635808,-9.306113911443667,19.221948542587178,19.002211991377347,4.411109948207919,0.9397373515346938,0.3110232512737402,0.07580914694872454,16.77694942635808
175,11.136641564680218,16.344438018563608,3.0502617968219927,-8.358232134685904,17.991285915991238,17.804077776932473,-7.30243412023014,16.530015392629466,16.635927076849534,-9.306113911443667,19.221948542587178,18.86106684643848,4.411111597768777,0.9397373515346938,0.3110232512737402,0.07580914694872454,16.635927076849534
176,10.996059427770046,16.357150185923505,3.0502622324891,-8.358232134685904,17.991285915991238,17.662925175359394,-7.30243412023014,16.530015392629466,16.494907948886244,-9.306113911443667,19.221948542587178,18.719920709074387,4.411113267895781,0.9397373515346938,0.3110232512737402,0.07580914694872454,16.494907948886244
177,10.855477224599309,16.36986202998528,3.050264079899052,-8.358232134685904,17.991285915991238,17.52177293061668,-7.30243412023014,16.530015392629466,16.353892064887937,-9.306113911443667,19.221948542587178,18.578773587247884,4.411114906406069,0.9397373515346938,0.3110232512737402,0.07580914694872454,16.353892064887937
178,10.7148949739371,16.382573768428564,3.050265771604292,-8.358232134685904,17.991285915991238,17.380620661037373,-7.30243412023014,16.530015392629466,16.212878444450755,-9.306113911443667,19.221948542587178,18.43762670537923,4.4111165690155625,0.9397373515346938,0.3110232512737402,0.07580914694872454,16.212878444450755
179,10.574312596895764,16.395284559825352,3.0502671675727604,-8.358232134685904,17.991285915991238,17.239468336663023,-7.30243412023014,16.530015392629466,16.071867016693737,-9.306113911443667,19.221948542587178,18.296480183805,4.411118195451728,0.9397373515346938,0.3110232512737402,0.07580914694872454,16.071867016693737
180,10.433730157362897,16.407995112395906,3.0502662304572796,-8.358232134685904,17.991285915991238,17.098315458310946,-7.30243412023014,16.530015392629466,15.930856520707279,-9.306113911443667,19.221948542587178,18.1553356073468,4.4111198310488495,0.9397373515346938,0.3110232512737402,0.07580914694872454,15.930856520707279
181,10.293147674280075,16.420705646159977,3.05026420570133,-8.358232134685904,17.991285915991238,16.957162327244983,-7.30243412023014,16.530015392629466,15.789847868082878,-9.306113911443667,19.221948542587178,18.01419200332414,4.411121507552907,0.9397373515346938,0.3110232512737402,0.07580914694872454,15.789847868082878
182,10.152565178657417,16.433416442021986,3.0502615404294713,-8.358232134685904,17.991285915991238,16.8160090569798,-7.30243412023014,16.530015392629466,15.648841447986854,-9.306113911443667,19.221948542587178,17.873049028397226,4.411122990574795,0.9397373515346938,0.3110232512737402,0.07580914694872454,15.648841447986854
183,10.0119827115095,16.44612787785369,3.050259010376463,-8.358232134685904,17.991285915991238,16.674855841755075,-7.30243412023014,16.530015392629466,15.50783787552158,-9.306113911443667,19.221948542587178,17.731906083264082,4.411124269470884,0.9397373515346938,0.3110232512737402,0.07580914694872454,15.50783787552158
184,9.871400213798813,16.458839224564976,3.0502570788581425,-8.358232134685904,17.991285915991238,16.533702807786497,-7.30243412023014,16.530015392629466,15.366837506822641,-9.306113911443667,19.221948542587178,17.590762826836087,4.411125195703526,0.9397373515346938,0.3110232512737402,0.07580914694872454,15.366837506822641
185,9.730817732424505,16.471550936029363,3.050254087920854,-8.358232134685904,17.991285915991238,16.39254955527943,-7.30243412023014,16.530015392629466,15.225839347576207,-9.306113911443667,19.221948542587178,17.44962055615549,4.411125909049322,0.9397373515346938,0.3110232512737402,0.07580914694872454,15.225839347576207
186,9.590235321805336,16.484263593214582,3.050251486015569,-8.358232134685904,17.991285915991238,16.25139643626153,-7.30243412023014,16.530015392629466,15.084844471552856,-9.306113911443667,19.221948542587178,17.308478140505297,4.411126628836855,0.9397373515346938,0.3110232512737402,0.07580914694872454,15.084844471552856
187,9.44965296958735,16.496976984735664,3.050251235893428,-8.358232134685904,17.991285915991238,16.11024393929012,-7.30243412023014,16.530015392629466,14.943854258249827,-9.306113911443667,19.221948542587178,17.16733406455776,4.411127108672096,0.9397373515346938,0.3110232512737402,0.07580914694872454,14.943854258249827
188,9.309070596800957,16.509690143058886,3.0502528617988878,-8.358232134685904,17.991285915991238,15.969091966058484,-7.30243412023014,16.530015392629466,14.802868437322452,-9.306113911443667,19.221948542587178,17.02618872590745,4.4111271532342915,0.9397373515346938,0.3110232512737402,0.07580914694872454,14.802868437322452
189,9.168488216133525,16.522403177868735,3.0502542935637686,-8.358232134685904,17.991285915991238,15.827940015455386,-7.30243412023014,16.530015392629466,14.661885737635545,-9.306113911443667,19.221948542587178,16.885043744094844,4.411127056356693,0.9397373515346938,0.3110232512737402,0.07580914694872454,14.661885737635545
190,9.02790583879405,16.535116233013845,3.0502560475061236,-8.358232134685904,17.991285915991238,15.686788212486007,-7.30243412023014,16.530015392629466,14.52090659981445,-9.306113911443667,19.221948542587178,16.743898718425253,4.411127028793419,0.9397373515346938,0.3110232512737402,0.07580914694872454,14.52090659981445
191,8.887323383257447,16.54782839398535,3.050258019699269,-8.358232134685904,17.991285915991238,15.54563654170806,-7.30243412023014,16.530015392629466,14.379931007805743,-9.306113911443667,19.221948542587178,16.602753748711788,4.411126814633612,0.9397373515346938,0.3110232512737402,0.07580914694872454,14.379931007805743
192,8.746740956345889,16.560540829759777,3.050258530123935,-8.358232134685904,17.991285915991238,15.404484586772675,-7.30243412023014,16.530015392629466,14.238958019349488,-9.306113911443667,19.221948542587178,16.461610133368655,4.411126652238118,0.9397373515346938,0.3110232512737402,0.07580914694872454,14.238958019349488
193,8.60615852180974,16.57325314935995,3.0502601880275106,-8.358232134685904,17.991285915991238,15.263332989508605,-7.30243412023014,16.530015392629466,14.097989435959933,-9.306113911443667,19.221948542587178,16.320465851628573,4.411126516544191,0.9397373515346938,0.3110232512737402,0.07580914694872454,14.097989435959933
194,8.465576088884387,16.58596539215929,3.050262481383068,-8.358232134685904,17.991285915991238,15.122181632439789,-7.30243412023014,16.530015392629466,13.957025037280378,-9.306113911443667,19.221948542587178,16.179321313392357,4.411126178496231,0.9397373515346938,0.3110232512737402,0.07580914694872454,13.957025037280378
195,8.32499364645056,16.598677416301154,3.0502656147351623,-8.358232134685904,17.991285915991238,14.981030570865482,-7.30243412023014,16.530015392629466,13.816065064593792,-9.306113911443667,19.221948542587178,16.038176369770962,4.41112577999727,0.9397373515346938,0.3110232512737402,0.07580914694872454,13.816065064593792
196,8.184411128403346,16.611388488372775,3.050268941844607,-8.358232134685904,17.991285915991238,14.83987965499524,-7.30243412023014,16.530015392629466,13.675109173899381,-9.306113911443667,19.221948542587178,15.897031540498595,4.411125271089453,0.9397373515346938,0.3110232512737402,0.07580914694872454,13.675109173899381
197,8.043828604063947,16.624099399190293,3.0502710619273667,-8.358232134685904,17.991285915991238,14.698728535548382,-7.30243412023014,16.530015392629466,13.534156614765452,-9.306113911443667,19.221948542587178,15.755887907629395,4.4111249057575845,0.9397373515346938,0.3110232512737402,0.07580914694872454,13.534156614765452
198,7.903245992456268,16.63680929484417,3.0502731113583326,-8.358232134685904,17.991285915991238,14.557577496328577,-7.30243412023014,16.530015392629466,13.393208210313677,-9.306113911443667,19.221948542587178,15.614744602840606,4.411124582579729,0.9397373515346938,0.3110232512737402,0.07580914694872454,13.393208210313677
199,7.762663381453774,16.649519146389892,3.050273343231866,-8.358232134685904,17.991285915991238,14.416426103466563,-7.30243412023014,16.530015392629466,13.252263012478016,-9.306113911443667,19.221948542587178,15.473602976094766,4.411124335677813,0.9397373515346938,0.3110232512737402,0.07580914694872454,13.252263012478016
200,7.622080749614993,16.662228749550124,3.0502736053978787,-8.358232134685904,17.991285915991238,14.275274811349643,-7.30243412023014,16.530015392629466,13.111322353519943,-9.306113911443667,19.221948542587178,15.332461598773271,4.411124207258773,0.9397373515346938,0.3110232512737402,0.07580914694872454,13.111322353519943
201,7.48149811865002,16.674938319842227,3.050273502545727,-8.358232134685904,17.991285915991238,14.134123526029171,-7.30243412023014,16.530015392629466,12.970386138803985,-9.306113911443667,19.221948542587178,15.191320784304448,4.4111240252384025,0.9397373515346938,0.3110232512737402,0.07580914694872454,12.970386138803985
202,7.340915516242144,16.687648162295954,3.050273672885686,-8.358232134685904,17.991285915991238,13.992972404645961,-7.30243412023014,16.530015392629466,12.829454954016837,-9.306113911443667,19.221948542587178,15.050180040573428,4.411123906759184,0.9397373515346938,0.3110232512737402,0.07580914694872454,12.829454954016837
203,7.200332905980782,16.700357864952394,3.050274818145767,-8.358232134685904,17.991285915991238,13.85182162711102,-7.30243412023014,16.530015392629466,12.688529390082856,-9.306113911443667,19.221948542587178,14.909038838441505,4.41112373806688,0.9397373515346938,0.3110232512737402,0.07580914694872454,12.688529390082856
204,7.059750290926698,16.71306745443175,3.0502761056567578,-8.358232134685904,17.991285915991238,13.710670992361408,-7.30243412023014,16.530015392629466,12.54760907707865,-9.306113911443667,19.221948542587178,14.767897832928218,4.411123547051697,0.9397373515346938,0.3110232512737402,0.07580914694872454,12.54760907707865
205,6.919167675554346,16.725777003901307,3.0502777382860935,-8.358232134685904,17.991285915991238,13.569520550877169,-7.30243412023014,16.530015392629466,12.406694322814845,-9.306113911443667,19.221948542587178,14.626756872379827,4.411123456004725,0.9397373515346938,0.3110232512737402,0.07580914694872454,12.406694322814845
206,6.778585011508665,16.73848599367268,3.0502796713629734,-8.358232134685904,17.991285915991238,13.428370298269611,-7.30243412023014,16.530015392629466,12.265785248844725,-9.306113911443667,19.221948542587178,14.485616007394635,4.411123350653461,0.9397373515346938,0.3110232512737402,0.07580914694872454,12.265785248844725
207,6.638002313744847,16.751194609225823,3.050280550844726,-8.358232134685904,17.991285915991238,13.287219900834943,-7.30243412023014,16.530015392629466,12.124881186749317,-9.306113911443667,19.221948542587178,14.344476291952454,4.4111232999770245,0.9397373515346938,0.3110232512737402,0.07580914694872454,12.124881186749317
208,6.497419627777617,16.763903390885062,3.050280932198478,-8.358232134685904,17.991285915991238,13.146069490754442,-7.30243412023014,16.530015392629466,11.983982726084458,-9.306113911443667,19.221948542587178,14.203337293186964,4.41112344296702,0.9397373515346938,0.3110232512737402,0.07580914694872454,11.983982726084458
209,6.356836928378783,16.776612057229066,3.050282046393138,-8.358232134685904,17.991285915991238,13.004919378277366,-7.30243412023014,16.530015392629466,11.843090848912984,-9.306113911443667,19.221948542587178,14.06219807265057,4.411123570951736,0.9397373515346938,0.3110232512737402,0.07580914694872454,11.843090848912984
210,6.216254222637901,16.789320659708256,3.050283348915165,-8.358232134685904,17.991285915991238,12.863769435083265,-7.30243412023014,16.530015392629466,11.702205432061652,-9.306113911443667,19.221948542587178,13.92105906447336,4.411123617415479,0.9397373515346938,0.3110232512737402,0.07580914694872454,11.702205432061652
211,6.075671503658206,16.802029125714128,3.0502849486685357,-8.358232134685904,17.991285915991238,12.722619692651241,-7.30243412023014,16.530015392629466,11.561326770878514,-9.306113911443667,19.221948542587178,13.779920196461177,4.411123677062435,0.9397373515346938,0.3110232512737402,0.07580914694872454,11.561326770878514
212,5.935088789552479,16.814737655555156,3.050287026733261,-8.358232134685904,17.991285915991238,12.581470198432102,-7.30243412023014,16.530015392629466,11.42045523483725,-9.306113911443667,19.221948542587178,13.638781337112999,4.411123773154475,0.9397373515346938,0.3110232512737402,0.07580914694872454,11.42045523483725
213,5.794506093161528,16.827446380235394,3.0502906597811936,-8.358232134685904,17.991285915991238,12.440321223651678,-7.30243412023014,16.530015392629466,11.279591768377173,-9.306113911443667,19.221948542587178,13.497641665513415,4.411123890851791,0.9397373515346938,0.3110232512737402,0.07580914694872454,11.279591768377173
214,5.6539232752478465,16.84015373802637,3.050295582847354,-8.358232134685904,17.991285915991238,12.299172724893525,-7.30243412023014,16.530015392629466,11.13873636570347,-9.306113911443667,19.221948542587178,13.356501428307418,4.411123750052233,0.9397373515346938,0.3110232512737402,0.07580914694872454,11.13873636570347
215,5.513340435048002,16.85286084852734,3.0502985813766594,-8.358232134685904,17.991285915991238,12.158023897910917,-7.30243412023014,16.530015392629466,10.997887346984003,-9.306113911443667,19.221948542587178,13.215363101743781,4.41112374279284,0.9397373515346938,0.3110232512737402,0.07580914694872454,10.997887346984003
216,5.372757493687658,16.86556691199011,3.0503015244231277,-8.358232134685904,17.991285915991238,12.016875212185695,-7.30243412023014,16.530015392629466,10.857046130825774,-9.306113911443667,19.221948542587178,13.074225262210332,4.411123892698432,0.9397373515346938,0.3110232512737402,0.07580914694872454,10.857046130825774
217,5.2321745068431085,16.87827253732998,3.0503025994032162,-8.358232134685904,17.991285915991238,11.875726217556895,-7.30243412023014,16.530015392629466,10.716211932842265,-9.306113911443667,19.221948542587178,12.933089312911498,4.411124037159907,0.9397373515346938,0.3110232512737402,0.07580914694872454,10.716211932842265
218,5.091591472033942,16.890977723940097,3.0503026057197675,-8.358232134685904,17.991285915991238,11.734577115122404,-7.30243412023014,16.530015392629466,10.575385586847172,-9.306113911443667,19.221948542587178,12.7919546481141,4.411124269449488,0.9397373515346938,0.3110232512737402,0.07580914694872454,10.575385586847172
219,4.951008409858618,16.903682688233676,3.0503011972944782,-8.358232134685904,17.991285915991238,11.593427822962145,-7.30243412023014,16.530015392629466,10.434567243953488,-9.306113911443667,19.221948542587178,12.65082154635774,4.411124469158781,0.9397373515346938,0.3110232512737402,0.07580914694872454,10.434567243953488
220,4.810425348678143,16.916387739716306,3.050298470004739,-8.358232134685904,17.991285915991238,11.45227836755655,-7.30243412023014,16.530015392629466,10.293757358397558,-9.306113911443667,19.221948542587178,12.509689943353237,4.411124683933569,0.9397373515346938,0.3110232512737402,0.07580914694872454,10.293757358397558
221,4.669842330434523,16.92909332971652,3.050295075060412,-8.358232134685904,17.991285915991238,11.311128913383302,-7.30243412023014,16.530015392629466,10.152956760815973,-9.306113911443667,19.221948542587178,12.36855934588524,4.411124920722058,0.9397373515346938,0.3110232512737402,0.07580914694872454,10.152956760815973
222,4.529259352882221,16.941799407461723,3.050291948361062,-8.358232134685904,17.991285915991238,11.169979703057933,-7.30243412023014,16.530015392629466,10.012166441538213,-9.306113911443667,19.221948542587178,12.227429053274376,4.411125085914705,0.9397373515346938,0.3110232512737402,0.07580914694872454,10.012166441538213
223,4.388676457747176,16.954506396618214,3.050289375348524,-8.358232134685904,17.991285915991238,11.028830813929014,-7.30243412023014,16.530015392629466,9.871387042537917,-9.306113911443667,19.221948542587178,12.086298859783227,4.411125199060726,0.9397373515346938,0.3110232512737402,0.07580914694872454,9.871387042537917
224,4.248093550908553,16.967213239617298,3.0502878597701004,-8.358232134685904,17.991285915991238,10.887682392292165,-7.30243412023014,16.530015392629466,9.730619251291252,-9.306113911443667,19.221948542587178,11.945168418590486,4.411125140471909,0.9397373515346938,0.3110232512737402,0.07580914694872454,9.730619251291252
225,4.107510665033638,16.979920290428844,3.0502848714251005,-8.358232134685904,17.991285915991238,10.746533810290233,-7.30243412023014,16.530015392629466,9.589862022445942,-9.306113911443667,19.221948542587178,11.8040396898697,4.411125044366956,0.9397373515346938,0.3110232512737402,0.07580914694872454,9.589862022445942
226,3.9669278320966885,16.992627955243467,3.050281130646802,-8.358232134685904,17.991285915991238,10.605385246368405,-7.30243412023014,16.530015392629466,9.449116343518083,-9.306113911443667,19.221948542587178,11.662912126948454,4.411125164309419,0.9397373515346938,0.3110232512737402,0.07580914694872454,9.449116343518083
227,3.8263450960317815,17.005336713535797,3.0502781337535856,-8.358232134685904,17.991285915991238,10.464237078979538,-7.30243412023014,16.530015392629466,9.30838371223716,-9.306113911443667,19.221948542587178,11.521784592965068,4.411125346752183,0.9397373515346938,0.3110232512737402,0.07580914694872454,9.30838371223716
228,3.68576242597258,17.018046175845534,3.050277343090498,-8.358232134685904,17.991285915991238,10.323089693304283,-7.30243412023014,16.530015392629466,9.16766556318831,-9.306113911443667,19.221948542587178,11.38065600105536,4.411125370783184,0.9397373515346938,0.3110232512737402,0.07580914694872454,9.16766556318831
229,3.545179807200631,17.030756125096275,3.05027838179661,-8.358232134685904,17.991285915991238,10.181943013156017,-7.30243412023014,16.530015392629466,9.026962255966657,-9.306113911443667,19.221948542587178,11.239526676172307,4.4111252131686545,0.9397373515346938,0.3110232512737402,0.07580914694872454,9.026962255966657
230,3.4045971646271402,17.04346572716562,3.0502807020701788,-8.358232134685904,17.991285915991238,10.040796922298936,-7.30243412023014,16.530015392629466,8.886274032397715,-9.306113911443667,19.221948542587178,11.098397083117181,4.411124942801044,0.9397373515346938,0.3110232512737402,0.07580914694872454,8.886274032397715
231,3.2640145284442936,17.056175339643854,3.0502828285627026,-8.358232134685904,17.991285915991238,9.899651054897108,-7.30243412023014,16.530015392629466,8.745600717769188,-9.306113911443667,19.221948542587178,10.957268371701728,4.411124762513987,0.9397373515346938,0.3110232512737402,0.07580914694872454,8.745600717769188
232,3.1234318328728903,17.06888427895075,3.0502853027584615,-8.358232134685904,17.991285915991238,9.758505563157483,-7.30243412023014,16.530015392629466,8.604943311100442,-9.306113911443667,19.221948542587178,10.816140165807518,4.411124639918718,0.9397373515346938,0.3110232512737402,0.07580914694872454,8.604943311100442
233,2.9828491173063636,17.081592991123777,3.0502867341263964,-8.358232134685904,17.991285915991238,9.617360102481857,-7.30243412023014,16.530015392629466,8.464301804111958,-9.306113911443667,19.221948542587178,10.67501355005177,4.411124566236556,0.9397373515346938,0.3110232512737402,0.07580914694872454,8.464301804111958
234,2.842266359508175,17.094301259137357,3.050287813554826,-8.358232134685904,17.991285915991238,9.476214859787289,-7.30243412023014,16.530015392629466,8.32367742921874,-9.306113911443667,19.221948542587178,10.533888028478367,4.41112456381585,0.9397373515346938,0.3110232512737402,0.07580914694872454,8.32367742921874
235,2.701683581812457,17.10700932443128,3.0502880005569604,-8.358232134685904,17.991285915991238,9.33506970937532,-7.30243412023014,16.530015392629466,8.183070787364208,-9.306113911443667,19.221948542587178,10.392764042500904,4.411124555878718,0.9397373515346938,0.3110232512737402,0.07580914694872454,8.183070787364208
236,2.5611007885875825,17.119717240253838,3.0502876191388903,-8.358232134685904,17.991285915991238,9.193924746106125,-7.30243412023014,16.530015392629466,8.042483038002015,-9.306113911443667,19.221948542587178,10.251641377039146,4.411124574367623,0.9397373515346938,0.3110232512737402,0.07580914694872454,8.042483038002015
237,2.420517973683521,17.132424933307185,3.050286489038,-8.358232134685904,17.991285915991238,9.05277994063025,-7.30243412023014,16.530015392629466,7.90191510106983,-9.306113911443667,19.221948542587178,10.110520208016247,4.411124559045364,0.9397373515346938,0.3110232512737402,0.07580914694872454,7.90191510106983
238,2.2799351957665372,17.14513305013086,3.0502845917874306,-8.358232134685904,17.991285915991238,8.911635295807587,-7.30243412023014,16.530015392629466,7.761368134047083,-9.306113911443667,19.221948542587178,9.969400573306611,4.411124618020856,0.9397373515346938,0.3110232512737402,0.07580914694872454,7.761368134047083
239,2.1395215835330923,17.15777580654755,3.0502287589582413,-8.358232134685904,17.991285915991238,8.770652309322914,-7.30243412023014,16.530015392629466,7.620981449626229,-9.306113911443667,19.221948542587178,9.828498484628085,4.405787019163486,0.9397373515346938,0.3110232512737402,0.07580914694872454,7.620981449626229
240,1.9991101031114524,17.17041433273657,3.0500053977666175,-8.358232134685904,17.991285915991238,8.629629611204473,-7.30243412023014,16.530015392629466,7.480524865269897,-9.306113911443667,19.221948542587178,9.687727610812855,4.405679062481023,0.9397373515346938,0.3110232512737402,0.07580914694872454,7.480524865269897
241,1.8586633549784974,17.18307817322996,3.049636273482133,-8.358232134685904,17.991285915991238,8.488532528877176,-7.30243412023014,16.530015392629466,7.339976939398583,-9.306113911443667,19.221948542587178,9.547030838915653,4.4068052005859295,0.9397373515346938,0.3110232512737402,0.07580914694872454,7.339976939398583
242,1.7181865725948455,17.195788500408955,3.04915188512277,-8.358232134685904,17.991285915991238,8.34737196858041,-7.30243412023014,16.530015392629466,7.199363960423693,-9.306113911443667,19.221948542587178,9.406387800715752,4.4078438018965285,0.9397373515346938,0.3110232512737402,0.07580914694872454,7.199363960423693
243,1.5776950515578125,17.20856141518698,3.048572269337271,-8.358232134685904,17.991285915991238,8.20616674109227,-7.30243412023014,16.530015392629466,7.058716345391129,-9.306113911443667,19.221948542587178,9.265796708387892,4.408471128287702,0.9397373515346938,0.3110232512737402,0.07580914694872454,7.058716345391129
244,1.4372036974934934,17.221409986205543,3.0479080249687587,-8.358232134685904,17.991285915991238,8.064933205597583,-7.30243412023014,16.530015392629466,6.918058941747258,-9.306113911443667,19.221948542587178,9.125262939825529,4.408688135190545,0.9397373515346938,0.3110232512737402,0.07580914694872454,6.918058941747258
245,1.296724267088505,17.23434593397597,3.047163606514005,-8.358232134685904,17.991285915991238,7.9236831988821805,-7.30243412023014,16.530015392629466,6.777410311437772,-9.306113911443667,19.221948542587178,8.984793601004915,4.408585363770651,0.9397373515346938,0.3110232512737402,0.07580914694872454,6.777410311437772
246,1.156265780122937,17.247380437831783,3.046339618312248,-8.358232134685904,17.991285915991238,7.782424960646413,-7.30243412023014,16.530015392629466,6.636784584078725,-9.306113911443667,19.221948542587178,8.844396106799369,4.408243848363078,0.9397373515346938,0.3110232512737402,0.07580914694872454,6.636784584078725
247,1.01583514123044,17.26052477901839,3.0454343858687802,-8.358232134685904,17.991285915991238,7.641164101193345,-7.30243412023014,16.530015392629466,6.4961930907989585,-9.306113911443667,19.221948542587178,8.704077540965946,4.407728122236755,0.9397373515346938,0.3110232512737402,0.07580914694872454,6.4961930907989585
248,0.8754378916058998,17.273790598489793,3.0444448288325607,-8.358232134685904,17.991285915991238,7.499904561745063,-7.30243412023014,16.530015392629466,6.35564572387736,-9.306113911443667,19.221948542587178,8.56384472211105,4.407081117464129,0.9397373515346938,0.3110232512737402,0.07580914694872454,6.35564572387736
249,0.7350787808568816,17.28719000841335,3.0433669576786984,-8.358232134685904,17.991285915991238,7.358649317119486,-7.30243412023014,16.530015392629466,6.215151906358989,-9.306113911443667,19.221948542587178,8.423704395713756,4.406329151248013,0.9397373515346938,0.3110232512737402,0.07580914694872454,6.215151906358989
250,0.5947621586981,17.300735629270672,3.0421961474783217,-8.358232134685904,17.991285915991238,7.2174008529561595,-7.30243412023014,16.530015392629466,6.074721265664313,-9.306113911443667,19.221948542587178,8.28366342753435,4.405487144142174,0.9397373515346938,0.3110232512737402,0.07580914694872454,6.074721265664313
251,0.45449222989759364,17.314440600387744,3.040927285647917,-8.358232134685904,17.991285915991238,7.076161481186187,-7.30243412023014,16.530015392629466,5.934364115220053,-9.306113911443667,19.221948542587178,8.143728962879829,4.404562669947901,0.9397373515346938,0.3110232512737402,0.07580914694872454,5.934364115220053
252,0.31427321688232523,17.32831859185286,3.0395548520522215,-8.358232134685904,17.991285915991238,6.9349335506227305,-7.30243412023014,16.530015392629466,5.794091826502425,-9.306113911443667,19.221948542587178,8.003908548712486,4.4035587498230555,0.9397373515346938,0.3110232512737402,0.07580914694872454,5.794091826502425
253,0.17410946419952888,17.342383831198653,3.038072965322192,-8.358232134685904,17.991285915991238,6.793719594657229,-7.30243412023014,16.530015392629466,5.6539171495811456,-9.306113911443667,19.221948542587178,7.86421022573106,4.402475659022135,0.9397373515346938,0.3110232512737402,0.07580914694872454,5.6539171495811456
254,0.03400550822136994,17.356651148247916,3.0364754140407784,-8.358232134685904,17.991285915991238,6.652522444517052,-7.30243412023014,16.530015392629466,5.513854521057996,-9.306113911443667,19.221948542587178,7.724642599541575,4.401312045541489,0.9397373515346938,0.3110232512737402,0.07580914694872454,5.513854521057996
255,-0.10603387298822775,17.37113603537654,3.0347556822440698,-8.358232134685904,17.991285915991238,6.511345326527341,-7.30243412023014,16.530015392629466,5.37392038518457,-9.306113911443667,19.221948542587178,7.585214899381676,4.400065599187387,0.9397373515346938,0.3110232512737402,0.07580914694872454,5.37392038518457
256,-0.24600362060019831,17.385854717375228,3.0329069733602223,-8.358232134685904,17.991285915991238,6.370191955104853,-7.30243412023014,16.530015392629466,5.234133545936511,-9.306113911443667,19.221948542587178,7.445937031513025,4.398733439070204,0.9397373515346938,0.3110232512737402,0.07580914694872454,5.234133545936511
257,-0.38589836149253576,17.400824224310043,3.0309222338791897,-8.358232134685904,17.991285915991238,6.229066629003441,-7.30243412023014,16.530015392629466,5.094515563616189,-9.306113911443667,19.221948542587178,7.306819632971225,4.397312330717852,0.9397373515346938,0.3110232512737402,0.07580914694872454,5.094515563616189
258,-0.5257123773481316,17.416062461506034,3.028794176777154,-8.358232134685904,17.991285915991238,6.087974335863058,-7.30243412023014,16.530015392629466,4.955091208037364,-9.306113911443667,19.221948542587178,7.16787413004963,4.395798803757855,0.9397373515346938,0.3110232512737402,0.07580914694872454,4.955091208037364
259,-0.6654395748200672,17.431588272299045,3.0265153043629858,-8.358232134685904,17.991285915991238,5.946920868797386,-7.30243412023014,16.530015392629466,4.815888980690488,-9.306113911443667,19.221948542587178,7.029112804761523,4.394189214333201,0.9397373515346938,0.3110232512737402,0.07580914694872454,4.815888980690488
260,-0.8050734559662027,17.447421490947807,3.0240779303242253,-8.358232134685904,17.991285915991238,5.805912958178985,-7.30243412023014,16.530015392629466,4.676941719946176,-9.306113911443667,19.221948542587178,6.890548871615673,4.392479779194078,0.9397373515346938,0.3110232512737402,0.07580914694872454,4.676941719946176
261,-0.9446070885603974,17.463582984676297,3.021474201033135,-8.358232134685904,17.991285915991238,5.664958421677589,-7.30243412023014,16.530015392629466,4.538287306006131,-9.306113911443667,19.221948542587178,6.752196566377493,4.390666597561029,0.9397373515346938,0.3110232512737402,0.07580914694872454,4.538287306006131
262,-1.0840330760977879,17.480094685003532,3.018696116452831,-8.358232134685904,17.991285915991238,5.524066335813248,-7.30243412023014,16.530015392629466,4.39996948581751,-9.306113911443667,19.221948542587178,6.614071248077754,4.388745670123902,0.9397373515346938,0.3110232512737402,0.07580914694872454,4.39996948581751
263,-1.2233435274237572,17.49697960924259,3.0157355511710184,-8.358232134685904,17.991285915991238,5.3832472327120335,-7.30243412023014,16.530015392629466,4.262038842535365,-9.306113911443667,19.221948542587178,6.476189515357097,4.3867129204188124,0.9397373515346938,0.3110232512737402,0.07580914694872454,4.262038842535365
264,-1.362530025985945,17.51426187334748,3.0125842761581767,-8.358232134685904,17.991285915991238,5.2425133263601085,-7.30243412023014,16.530015392629466,4.124553939469232,-9.306113911443667,19.221948542587178,6.338569338265342,4.3845642213406215,0.9397373515346938,0.3110232512737402,0.07580914694872454,4.124553939469232
265,-1.5015835987646933,17.531966697254685,3.0092339818104312,-8.358232134685904,17.991285915991238,5.101878773441206,-7.30243412023014,16.530015392629466,3.9875826749931034,-9.306113911443667,19.221948542587178,6.201230206827342,4.3822954280822675,0.9397373515346938,0.3110232512737402,0.07580914694872454,3.9875826749931034
266,-1.6404946849915898,17.55012040362696,3.005676302726602,-8.358232134685904,17.991285915991238,4.961359974839116,-7.30243412023014,16.530015392629466,3.8512038929078956,-9.306113911443667,19.221948542587178,6.064193297999593,4.379902417952937,0.9397373515346938,0.3110232512737402,0.07580914694872454,3.8512038929078956
267,-1.779253104821203,17.568750410576996,3.001902844520656,-8.358232134685904,17.991285915991238,4.820338855325363,-7.30243412023014,16.530015392629466,3.7155093025403385,-9.306113911443667,19.221948542587178,5.9274816630368825,4.377381137063837,0.9397373515346938,0.3110232512737402,0.07580914694872454,3.7155093025403385
268,-1.9178480281758532,17.587885218618776,2.997905212817398,-8.358232134685904,17.991285915991238,4.677291188366112,-7.30243412023014,16.530015392629466,3.5806057747715085,-9.306113911443667,19.221948542587178,5.791120437740805,4.374727653622205,0.9397373515346938,0.3110232512737402,0.07580914694872454,3.5806057747715085
269,-2.05626223292196,17.607555029015224,2.993675781240744,-8.358232134685904,17.991285915991238,4.534154473311729,-7.30243412023014,16.530015392629466,3.4466239444409212,-9.306113911443667,19.221948542587178,5.653920297782896,4.371769267203401,0.9397373515346938,0.3110232512737402,0.07580914694872454,3.4466239444409212
270,-2.194469137143745,17.627791528821906,2.989207828507204,-8.358232134685904,17.991285915991238,4.390948493195724,-7.30243412023014,16.530015392629466,3.313724203946609,-9.306113911443667,19.221948542587178,5.515328534459163,4.368244702542529,0.9397373515346938,0.3110232512737402,0.07580914694872454,3.313724203946609
271,-2.3324485653924922,17.64862577149215,2.984493354462113,-8.358232134685904,17.991285915991238,4.247687131844143,-7.30243412023014,16.530015392629466,3.1820842892144947,-9.306113911443667,19.221948542587178,5.376937866702291,4.364357833769328,0.9397373515346938,0.3110232512737402,0.07580914694872454,3.1820842892144947
272,-2.4701839737023645,17.670089567250812,2.979524087956645,-8.358232134685904,17.991285915991238,4.1043819964175485,-7.30243412023014,16.530015392629466,3.0519072463629873,-9.306113911443667,19.221948542587178,5.238768273546952,4.360237003307443,0.9397373515346938,0.3110232512737402,0.07580914694872454,3.0519072463629873
273,-2.607659055881377,17.692215490143976,2.9742942736884266,-8.358232134685904,17.991285915991238,3.9610483344949614,-7.30243412023014,16.530015392629466,2.923430467497756,-9.306113911443667,19.221948542587178,5.100840386451111,4.3559058827515775,0.9397373515346938,0.3110232512737402,0.07580914694872454,2.923430467497756
274,-2.7448567859429294,17.715032616607672,2.968798958244753,-8.358232134685904,17.991285915991238,3.8177057492087414,-7.30243412023014,16.530015392629466,2.796931745476291,-9.306113911443667,19.221948542587178,4.963177805736712,4.35133538358,0.9397373515346938,0.3110232512737402,0.07580914694872454,2.796931745476291
275,-2.8817598721986144,17.73857235365767,2.9630323573329274,-8.358232134685904,17.991285915991238,3.6743758798966146,-7.30243412023014,16.530015392629466,2.672737995211785,-9.306113911443667,19.221948542587178,4.825806248279851,4.346549763751178,0.9397373515346938,0.3110232512737402,0.07580914694872454,2.672737995211785
276,-3.0183521676287386,17.76286512832831,2.9569863500370968,-8.358232134685904,17.991285915991238,3.5310812253523465,-7.30243412023014,16.530015392629466,2.5512329829372673,-9.306113911443667,19.221948542587178,4.688753615810244,4.341598697104247,0.9397373515346938,0.3110232512737402,0.07580914694872454,2.5512329829372673
277,-3.1546171506330016,17.787943421798776,2.9506535540799375,-8.358232134685904,17.991285915991238,3.387849348322763,-7.30243412023014,16.530015392629466,2.4328705676525786,-9.306113911443667,19.221948542587178,4.552050600753563,4.336502651710464,0.9397373515346938,0.3110232512737402,0.07580914694872454,2.4328705676525786
278,-3.2905374513168875,17.813841660536298,2.9440276468053206,-8.358232134685904,17.991285915991238,3.244714641801961,-7.30243412023014,16.530015392629466,2.3181874738802435,-9.306113911443667,19.221948542587178,4.415731552352076,4.331269695113456,0.9397373515346938,0.3110232512737402,0.07580914694872454,2.3181874738802435
279,-3.4260949214641085,17.840595005080363,2.937102831317018,-8.358232134685904,17.991285915991238,3.101719412457898,-7.30243412023014,16.530015392629466,2.207816416474975,-9.306113911443667,19.221948542587178,4.279835341569401,4.32590488576542,0.9397373515346938,0.3110232512737402,0.07580914694872454,2.207816416474975
280,-3.561279477955523,17.86824174866816,2.9298752708766695,-8.358232134685904,17.991285915991238,2.958907445692896,-7.30243412023014,16.530015392629466,2.1024923436156917,-9.306113911443667,19.221948542587178,4.144396406158357,4.320692152553919,0.9397373515346938,0.3110232512737402,0.07580914694872454,2.1024923436156917
281,-3.6960887908830475,17.896822305123003,2.922342353665352,-8.358232134685904,17.991285915991238,2.81632608953231,-7.30243412023014,16.530015392629466,2.003065947631951,-9.306113911443667,19.221948542587178,4.00944617457483,4.315901178445476,0.9397373515346938,0.3110232512737402,0.07580914694872454,2.003065947631951
282,-3.830520675103888,17.926376487158997,2.9145013368086525,-8.358232134685904,17.991285915991238,2.674036170497763,-7.30243412023014,16.530015392629466,1.9105194713059992,-9.306113911443667,19.221948542587178,3.875022416075173,4.311557594159203,0.9397373515346938,0.3110232512737402,0.07580914694872454,1.9105194713059992
283,-3.9645726601220628,17.95694425079622,2.9063499216510364,-8.358232134685904,17.991285915991238,2.532116541441415,-7.30243412023014,16.530015392629466,1.8259682777011206,-9.306113911443667,19.221948542587178,3.735664668907129,4.307684575519637,0.9397373515346938,0.3110232512737402,0.07580914694872454,1.8259682777011206
284,-4.098241837300398,17.9885659488216,2.8978865339856172,-8.358232134685904,17.991285915991238,2.3906695201525894,-7.30243412023014,16.530015392629466,1.7506480947321148,-9.306113911443667,19.221948542587178,3.5957909047404137,4.30430318072453,0.9397373515346938,0.3110232512737402,0.07580914694872454,1.7506480947321148
285,-4.23152478095488,18.021282327888116,2.8891104301446466,-8.358232134685904,17.991285915991238,2.2498280139232985,-7.30243412023014,16.530015392629466,1.6858812734806545,-9.306113911443667,19.221948542587178,3.4560180264452445,4.301432927380943,0.9397373515346938,0.3110232512737402,0.07580914694872454,1.6858812734806545
286,-4.3644346962483,18.0551410991393,2.880021408577944,-8.358232134685904,17.991285915991238,2.1097473017756467,-7.30243412023014,16.530015392629466,1.6330104126291392,-9.306113911443667,19.221948542587178,3.3163494218453473,4.299668448102682,0.9397373515346938,0.3110232512737402,0.07580914694872454,1.6330104126291392
287,-4.496964437654437,18.09018239222411,2.8706222264280643,-8.358232134685904,17.991285915991238,1.9706580238308418,-7.30243412023014,16.530015392629466,1.5933216810385318,-9.306113911443667,19.221948542587178,3.1768175927445785,4.298359154820459,0.9397373515346938,0.3110232512737402,0.07580914694872454,1.5933216810385318
288,-4.629106523579008,18.126446620238948,2.860915251917667,-8.358232134685904,17.991285915991238,1.8328625608287588,-7.30243412023014,16.530015392629466,1.5679235130917482,-9.306113911443667,19.221948542587178,3.0374632269499107,4.297534970078495,0.9397373515346938,0.3110232512737402,0.07580914694872454,1.5679235130917482
289,-4.760802576043184,18.163965921863515,2.850902161004332,-8.358232134685904,17.991285915991238,1.6968133626357649,-7.30243412023014,16.530015392629466,1.5576406895210504,-9.306113911443667,19.221948542587178,2.898388244263615,4.295695674760081,0.9397373515346938,0.3110232512737402,0.07580914694872454,1.5576406895210504
290,-4.891982734173762,18.20276375447868,2.840581474439228,-8.358232134685904,17.991285915991238,1.563112029911573,-7.30243412023014,16.530015392629466,1.5628828955551688,-9.306113911443667,19.221948542587178,2.7597204111946856,4.292470998332373,0.9397373515346938,0.3110232512737402,0.07580914694872454,1.5576406895210504
291,-5.022591130316874,18.24286244436027,2.8299511412750964,-8.358232134685904,17.991285915991238,1.4325415347924935,-7.30243412023014,16.530015392629466,1.583584196964361,-9.306113911443667,19.221948542587178,2.6215909841908043,4.288282687599363,0.9397373515346938,0.3110232512737402,0.07580914694872454,1.4325415347924935
292,-5.1525811113854605,18.28428197345546,2.8190089354617296,-8.358232134685904,17.991285915991238,1.3061542844561467,-7.30243412023014,16.530015392629466,1.6192217911024154,-9.306113911443667,19.221948542587178,2.484144215494374,4.283396772775754,0.9397373515346938,0.3110232512737402,0.07580914694872454,1.3061542844561467
293,-5.281911280468192,18.32704363184744,2.8077542120196783,-8.358232134685904,17.991285915991238,1.1853960208730787,-7.30243412023014,16.530015392629466,1.6688953159685271,-9.306113911443667,19.221948542587178,2.3475463300395676,4.278001832207034,0.9397373515346938,0.3110232512737402,0.07580914694872454,1.1853960208730787
294,-5.410543102873786,18.37117244006485,2.7961890200378083,-8.358232134685904,17.991285915991238,1.0722740789329097,-7.30243412023014,16.530015392629466,1.7314420784422744,-9.306113911443667,19.221948542587178,2.205737198560801,4.272248600604977,0.9397373515346938,0.3110232512737402,0.07580914694872454,1.0722740789329097
295,-5.5382709133315835,18.416696650734295,2.784364299967438,-8.358232134685904,17.991285915991238,0.9696974686504202,-7.30243412023014,16.530015392629466,1.8054571352650175,-9.306113911443667,19.221948542587178,2.0600512968843314,4.260228956065852,0.9397373515346938,0.3110232512737402,0.07580914694872454,0.9696974686504202
296,-5.663996057646899,18.463349986367827,2.7723828584564147,-8.358232134685904,17.991285915991238,0.8820793967175262,-7.30243412023014,16.530015392629466,1.8889436819542338,-9.306113911443667,19.221948542587178,1.915800825264327,4.213794826452837,0.9397373515346938,0.3110232512737402,0.07580914694872454,0.8820793967175262
297,-5.788777869334427,18.511243728609198,2.7600664298666095,-8.358232134685904,17.991285915991238,0.812989190255018,-7.30243412023014,16.530015392629466,1.9810753855815313,-9.306113911443667,19.221948542587178,1.7718748625562315,4.201056225469006,0.9397373515346938,0.3110232512737402,0.07580914694872454,0.812989190255018
298,-5.912923683761031,18.56052897563476,2.747313605726916,-8.358232134685904,17.991285915991238,0.7674334072630212,-7.30243412023014,16.530015392629466,2.081084069704672,-9.306113911443667,19.221948542587178,1.6279282401447723,4.1991017440430936,0.9397373515346938,0.3110232512737402,0.07580914694872454,0.7674334072630212
299,-6.036367609057585,18.61130857513654,2.7341967296945,-8.358232134685904,17.991285915991238,0.7499352184940028,-7.30243412023014,16.530015392629466,2.187892445023553,-9.306113911443667,19.221948542587178,1.4841609419043214,4.197286926551779,0.9397373515346938,0.3110232512737402,0.07580914694872454,0.7499352184940028
300,-6.15907205754463,18.663652725167537,2.720783836682518,-8.358232134685904,17.991285915991238,0.7625540173994716,-7.30243412023014,16.530015392629466,2.300525564874553,-9.306113911443667,19.221948542587178,1.3408050582237572,4.195985061217354,0.9397373515346938,0.3110232512737402,0.07580914694872454,0.7499352184940028
301,-6.281019603741603,18.71760491772723,2.7071088675017183,-8.358232134685904,17.991285915991238,0.8039818800462385,-7.30243412023014,16.530015392629466,2.4181734089572964,-9.306113911443667,19.221948542587178,1.198138651901651,4.1955292996421765,0.9397373515346938,0.3110232512737402,0.07580914694872454,0.7499352184940028
302,-6.40217393169998,18.773189432873306,2.693191534482334,-8.358232134685904,17.991285915991238,0.8702113315690299,-7.30243412023014,16.530015392629466,2.540139112197755,-9.306113911443667,19.221948542587178,1.0565929247242123,4.195211198969677,0.9397373515346938,0.3110232512737402,0.07580914694872454,0.7499352184940028
303,-6.522454995347259,18.830407488541276,2.679041458923054,-8.358232134685904,17.991285915991238,0.9561673561643431,-7.30243412023014,16.530015392629466,2.665801992532638,-9.306113911443667,19.221948542587178,0.9168875317282738,4.193586795099505,0.9397373515346938,0.3110232512737402,0.07580914694872454,0.7499352184940028
304,-6.641802830385693,18.889256230458056,2.6646650590053333,-8.358232134685904,17.991285915991238,1.057077776192027,-7.30243412023014,16.530015392629466,2.7946338386003307,-9.306113911443667,19.221948542587178,0.7801798403766237,4.191119878111103,0.9397373515346938,0.3110232512737402,0.07580914694872454,0.7499352184940028
305,-6.760167534674927,18.94973562741007,2.650070572977722,-8.358232134685904,17.991285915991238,1.1690824217747897,-7.30243412023014,16.530015392629466,2.9261830666358697,-9.306113911443667,19.221948542587178,0.6485199637185741,4.1881040532046665,0.9397373515346938,0.3110232512737402,0.07580914694872454,0.6485199637185741
