time,black_car_angle,distance_sensors,num_pixel_black,agglomerate_count,agglomerate_size_1,agglomerate_size_2
10, -0.013021, 12.317105, 17, 1, 17, 0
20, -0.026242, 12.319587, 13, 3, 7, 5
30, 99999.990000, 12.322449, 0, 3, 0, 0
40, -0.011719, 12.326173, 18, 1, 18, 0
50, 99999.990000, 12.330966, 0, 1, 0, 0
60, 99999.990000, 12.336608, 0, 1, 0, 0
70, -0.013021, 12.342830, 17, 1, 17, 0
80, 99999.990000, 12.349395, 0, 1, 0, 0
90, 99999.990000, 12.356109, 0, 1, 0, 0
100, -0.003906, 12.362813, 12, 1, 12, 0
110, -0.014323, 12.369387, 17, 1, 17, 0
120, -0.024740, 12.375748, 17, 1, 17, 0
130, -0.031250, 12.381839, 17, 1, 17, 0
140, -0.031250, 12.387576, 17, 1, 17, 0
150, -0.031250, 12.393027, 17, 1, 17, 0
160, -0.031250, 12.398212, 17, 1, 17, 0
170, -0.031250, 12.403163, 17, 1, 17, 0
180, -0.031250, 12.407918, 17, 1, 17, 0
190, -0.031250, 12.412523, 17, 1, 17, 0
200, -0.029948, 12.417023, 16, 1, 16, 0
210, -0.020833, 12.421463, 12, 1, 12, 0
220, -0.018229, 12.425887, 1, 1, 1, 0
230, 99999.990000, 12.430335, 0, 1, 0, 0
240, 99999.990000, 12.434840, 0, 1, 0, 0
250, 99999.990000, 12.439432, 0, 1, 0, 0
260, 99999.990000, 12.444133, 0, 1, 0, 0
270, 99999.990000, 12.448962, 0, 1, 0, 0
280, 99999.990000, 12.453933, 0, 1, 0, 0
290, -0.023438, 12.459054, 3, 1, 3, 0
300, -0.044271, 12.464331, 5, 1, 5, 0
310, -0.063802, 12.469765, 6, 1, 6, 0
320, -0.059896, 12.475350, 6, 1, 6, 0
330, -0.058594, 12.481084, 6, 1, 6, 0
340, -0.058594, 12.486965, 6, 1, 6, 0
350, -0.058160, 12.492988, 6, 2, 5, 1
360, -0.056858, 12.499147, 5, 1, 5, 0
370, -0.056858, 12.505434, 4, 1, 4, 0
380, -0.058594, 12.511698, 3, 1, 3, 0
390, 99999.990000, 12.517934, 0, 1, 0, 0
400, 99999.990000, 12.524290, 0, 1, 0, 0
410, 99999.990000, 12.530777, 0, 1, 0, 0
420, 99999.990000, 12.537387, 0, 1, 0, 0
430, 99999.990000, 12.544110, 0, 1, 0, 0
440, 99999.990000, 12.550940, 0, 1, 0, 0
450, 99999.990000, 12.557873, 0, 1, 0, 0
460, 99999.990000, 12.564903, 0, 1, 0, 0
470, 99999.990000, 12.572026, 0, 1, 0, 0
480, 99999.990000, 12.579239, 0, 1, 0, 0
490, 99999.990000, 12.586543, 0, 1, 0, 0
500, 99999.990000, 12.593937, 0, 1, 0, 0
510, 99999.990000, 12.601420, 0, 1, 0, 0
520, 99999.990000, 12.608994, 0, 1, 0, 0
530, 99999.990000, 12.616657, 0, 1, 0, 0
540, 99999.990000, 12.624413, 0, 1, 0, 0
550, 99999.990000, 12.632264, 0, 1, 0, 0
560, 99999.990000, 12.640211, 0, 1, 0, 0
570, -0.007812, 12.648258, 1, 1, 1, 0
580, -0.013021, 12.656276, 3, 1, 3, 0
590, -0.018229, 12.664271, 3, 1, 3, 0
600, -0.013021, 12.672263, 3, 1, 3, 0
610, -0.010417, 12.680273, 3, 1, 3, 0
620, -0.007812, 12.688316, 3, 1, 3, 0
630, -0.005208, 12.696393, 3, 1, 3, 0
640, -0.002604, 12.704507, 3, 1, 3, 0
650, 0.001302, 12.712660, 4, 1, 4, 0
660, 0.002604, 12.720855, 4, 1, 4, 0
670, 0.006510, 12.729094, 4, 1, 4, 0
680, 0.010417, 12.737377, 5, 1, 5, 0
690, 0.015625, 12.745703, 6, 1, 6, 0
700, 0.019531, 12.754071, 5, 1, 5, 0
710, 0.023438, 12.762474, 6, 1, 6, 0
720, 0.027344, 12.770909, 7, 1, 7, 0
730, 0.029948, 12.779184, 7, 1, 7, 0
740, 0.033854, 12.786827, 7, 1, 7, 0
750, 0.039773, 12.793407, 11, 3, 8, 2
760, 0.051491, 12.798669, 14, 1, 14, 0
770, 0.063210, 12.802473, 16, 1, 16, 0
780, 0.072917, 12.804752, 17, 1, 17, 0
790, 0.078125, 12.805485, 16, 1, 16, 0
800, 0.080729, 12.804676, 16, 1, 16, 0
810, 0.082031, 12.802332, 16, 1, 16, 0
820, 0.082031, 12.798456, 16, 1, 16, 0
830, 0.082031, 12.793043, 16, 1, 16, 0
840, 0.083333, 12.786081, 17, 1, 17, 0
850, 0.084635, 12.777561, 17, 1, 17, 0
860, 0.089844, 12.767436, 14, 1, 14, 0
870, 0.095052, 12.755918, 13, 1, 13, 0
880, 0.101562, 12.743310, 12, 1, 12, 0
890, 0.106771, 12.729924, 10, 1, 10, 0
900, 0.115234, 12.715953, 4, 2, 3, 1
910, 99999.990000, 12.701541, 0, 2, 0, 0
920, 99999.990000, 12.687602, 0, 2, 0, 0
930, 0.016927, 12.674769, 8, 1, 8, 0
940, 0.045573, 12.662034, 17, 1, 17, 0
950, 0.083333, 12.648588, 10, 1, 10, 0
960, 99999.990000, 12.634378, 0, 1, 0, 0
970, 99999.990000, 12.620302, 0, 1, 0, 0
980, 0.016927, 12.607156, 8, 1, 8, 0
990, 0.044271, 12.594140, 16, 1, 16, 0
1000, 0.076823, 12.580603, 12, 1, 12, 0
1010, 0.096354, 12.566473, 9, 1, 9, 0
1020, 0.115885, 12.551868, 1, 1, 1, 0
1030, 99999.990000, 12.536998, 0, 1, 0, 0
1040, 99999.990000, 12.522874, 0, 1, 0, 0
1050, 99999.990000, 12.510236, 0, 1, 0, 0
1060, 0.009115, 12.499566, 6, 1, 6, 0
1070, 0.032552, 12.491127, 17, 1, 17, 0
1080, 0.061198, 12.485107, 13, 1, 13, 0
1090, 0.096354, 12.481008, 1, 1, 1, 0
1100, 99999.990000, 12.478233, 0, 1, 0, 0
1110, 0.009115, 12.476339, 8, 1, 8, 0
1120, 0.029948, 12.475067, 17, 1, 17, 0
1130, 0.050781, 12.474267, 17, 1, 17, 0
1140, 0.062500, 12.473874, 17, 1, 17, 0
1150, 0.061198, 12.473877, 16, 1, 16, 0
1160, 0.058594, 12.474279, 17, 1, 17, 0
1170, 0.055990, 12.475075, 17, 1, 17, 0
1180, 0.054688, 12.476244, 17, 1, 17, 0
1190, 0.040365, 12.477754, 6, 1, 6, 0
1200, 99999.990000, 12.479568, 0, 1, 0, 0
1210, 99999.990000, 12.481637, 0, 1, 0, 0
1220, 0.027344, 12.483910, 2, 2, 1, 1
1230, 0.044271, 12.486333, 16, 1, 16, 0
1240, 0.061198, 12.488849, 16, 1, 16, 0
1250, 0.037760, 12.491412, 8, 1, 8, 0
1260, 99999.990000, 12.494014, 0, 1, 0, 0
1270, 99999.990000, 12.496609, 0, 1, 0, 0
1280, 0.005208, 12.499286, 2, 2, 1, 1
1290, 0.020833, 12.501866, 17, 1, 17, 0
1300, 0.036458, 12.503516, 17, 1, 17, 0
1310, 0.039931, 12.503602, 9, 2, 7, 2
1320, 99999.990000, 12.501770, 0, 2, 0, 0
1330, 99999.990000, 12.499105, 0, 2, 0, 0
1340, 0.015625, 12.496641, 17, 1, 17, 0
1350, 0.031250, 12.495149, 17, 1, 17, 0
1360, 0.046875, 12.494506, 17, 1, 17, 0
1370, 0.046875, 12.494383, 17, 1, 17, 0
1380, 0.046875, 12.494466, 17, 1, 17, 0
1390, 0.046875, 12.494532, 17, 1, 17, 0
1400, 0.053385, 12.494454, 12, 1, 12, 0
1410, 0.052083, 12.494198, 2, 1, 2, 0
1420, 99999.990000, 12.493752, 0, 1, 0, 0
1430, 99999.990000, 12.493151, 0, 1, 0, 0
1440, 99999.990000, 12.492439, 0, 1, 0, 0
1450, 99999.990000, 12.491658, 0, 1, 0, 0
1460, 99999.990000, 12.490843, 0, 1, 0, 0
1470, -0.002604, 12.490021, 5, 1, 5, 0
1480, 0.010417, 12.489214, 17, 1, 17, 0
1490, 0.023438, 12.488434, 17, 1, 17, 0
1500, 0.039062, 12.487691, 17, 1, 17, 0
1510, 0.039062, 12.486997, 17, 1, 17, 0
1520, 0.039062, 12.486360, 17, 1, 17, 0
1530, 0.039062, 12.485787, 17, 1, 17, 0
1540, 0.039062, 12.485249, 17, 1, 17, 0
1550, 0.043470, 12.484783, 13, 2, 12, 1
1560, 0.049050, 12.484394, 7, 2, 5, 2
1570, 0.049050, 12.484032, 3, 1, 3, 0
1580, 0.043341, 12.483735, 2, 1, 2, 0
1590, 99999.990000, 12.483548, 0, 1, 0, 0
1600, 99999.990000, 12.483466, 0, 1, 0, 0
1610, -0.010417, 12.483457, 1, 1, 1, 0
1620, 99999.990000, 12.483518, 0, 1, 0, 0
1630, 99999.990000, 12.483651, 0, 1, 0, 0
1640, 0.010417, 12.483845, 1, 1, 1, 0
1650, 0.022135, 12.484094, 2, 1, 2, 0
1660, 0.032552, 12.484389, 3, 1, 3, 0
1670, 0.032552, 12.484724, 3, 1, 3, 0
1680, 0.033529, 12.485092, 8, 3, 5, 2
1690, 0.035438, 12.485489, 15, 2, 13, 2
1700, 0.035438, 12.485907, 17, 1, 17, 0
1710, 0.033160, 12.486341, 17, 1, 17, 0
1720, 0.029948, 12.486784, 16, 1, 16, 0
1730, 0.028646, 12.487230, 16, 1, 16, 0
1740, 0.027344, 12.487675, 16, 1, 16, 0
1750, 0.027344, 12.488115, 16, 1, 16, 0
1760, 0.027344, 12.488544, 16, 1, 16, 0
1770, 0.026042, 12.488959, 17, 1, 17, 0
1780, 0.024740, 12.489357, 17, 1, 17, 0
1790, 0.023438, 12.489735, 17, 1, 17, 0
1800, 0.023438, 12.490090, 17, 1, 17, 0
1810, 0.023438, 12.490413, 17, 1, 17, 0
1820, 0.023438, 12.490713, 17, 1, 17, 0
1830, 0.023438, 12.490989, 17, 1, 17, 0
1840, 0.023438, 12.491242, 17, 1, 17, 0
1850, 0.023438, 12.491472, 17, 1, 17, 0
1860, 0.023438, 12.491680, 17, 1, 17, 0
1870, 0.023438, 12.491866, 17, 1, 17, 0
1880, 0.022135, 12.492032, 16, 1, 16, 0
1890, 0.020833, 12.492178, 16, 1, 16, 0
1900, 0.019531, 12.492308, 16, 1, 16, 0
1910, 0.019531, 12.492422, 16, 1, 16, 0
1920, 0.018229, 12.492521, 17, 1, 17, 0
1930, 0.016927, 12.492608, 17, 1, 17, 0
1940, 0.015625, 12.492685, 17, 1, 17, 0
1950, 0.015625, 12.492754, 17, 1, 17, 0
1960, 0.015625, 12.492816, 17, 1, 17, 0
1970, 0.015625, 12.492873, 17, 1, 17, 0
1980, 0.015625, 12.492927, 17, 1, 17, 0
1990, 0.015625, 12.492980, 17, 1, 17, 0
2000, 0.015625, 12.493032, 17, 1, 17, 0
2010, 0.015625, 12.493085, 17, 1, 17, 0
2020, 0.015625, 12.493141, 17, 1, 17, 0
2030, 0.014323, 12.493200, 16, 1, 16, 0
2040, 0.013021, 12.493264, 16, 1, 16, 0
2050, 0.011719, 12.493334, 16, 1, 16, 0
2060, 0.011719, 12.493410, 16, 1, 16, 0
2070, 0.011719, 12.493490, 16, 1, 16, 0
2080, 0.010417, 12.493576, 17, 1, 17, 0
2090, 0.009115, 12.493671, 17, 1, 17, 0
2100, 0.007812, 12.493774, 17, 1, 17, 0
2110, 0.007812, 12.493885, 17, 1, 17, 0
2120, 0.007812, 12.494004, 17, 1, 17, 0
2130, 0.007812, 12.494132, 17, 1, 17, 0
2140, 0.007812, 12.494267, 17, 1, 17, 0
2150, 0.007812, 12.494410, 17, 1, 17, 0
2160, 0.007812, 12.494560, 17, 1, 17, 0
2170, 0.007812, 12.494718, 17, 1, 17, 0
2180, 0.006510, 12.494881, 16, 1, 16, 0
2190, 0.005208, 12.495050, 16, 1, 16, 0
2200, 0.003906, 12.495224, 16, 1, 16, 0
2210, 0.003906, 12.495403, 16, 1, 16, 0
2220, 0.003906, 12.495586, 16, 1, 16, 0
2230, 0.002604, 12.495772, 17, 1, 17, 0
2240, 0.001302, 12.495961, 17, 1, 17, 0
2250, 0.000000, 12.496152, 17, 1, 17, 0
2260, 0.000000, 12.496345, 17, 1, 17, 0
2270, 0.000000, 12.496539, 17, 1, 17, 0
2280, 0.000000, 12.496735, 17, 1, 17, 0
2290, 0.000000, 12.496931, 17, 1, 17, 0
2300, 0.000000, 12.497127, 17, 1, 17, 0
2310, 0.000000, 12.497323, 17, 1, 17, 0
2320, 0.000000, 12.497518, 17, 1, 17, 0
2330, 0.000000, 12.497713, 17, 1, 17, 0
2340, -0.001302, 12.497907, 16, 1, 16, 0
2350, -0.002604, 12.498100, 16, 1, 16, 0
2360, -0.003906, 12.498290, 16, 1, 16, 0
2370, -0.003906, 12.498479, 16, 1, 16, 0
2380, -0.003906, 12.498665, 16, 1, 16, 0
2390, -0.003906, 12.498850, 16, 1, 16, 0
2400, -0.005208, 12.499033, 17, 1, 17, 0
2410, -0.006510, 12.499215, 17, 1, 17, 0
2420, -0.007812, 12.499395, 17, 1, 17, 0
2430, -0.007812, 12.499573, 17, 1, 17, 0
2440, -0.007812, 12.499750, 17, 1, 17, 0
2450, -0.007812, 12.499924, 17, 1, 17, 0
2460, -0.007812, 12.500095, 17, 1, 17, 0
2470, -0.007812, 12.499442, 17, 1, 17, 0
2480, -0.007812, 12.498784, 17, 1, 17, 0
2490, -0.007812, 12.498272, 17, 1, 17, 0
2500, -0.007812, 12.497927, 17, 1, 17, 0
2510, -0.007812, 12.497717, 17, 1, 17, 0
2520, -0.007812, 12.497595, 17, 1, 17, 0
2530, -0.007812, 12.497516, 17, 1, 17, 0
2540, -0.007812, 12.497450, 17, 1, 17, 0
2550, -0.007812, 12.497381, 17, 1, 17, 0
2560, -0.007812, 12.497301, 17, 1, 17, 0
2570, -0.007812, 12.497212, 17, 1, 17, 0
2580, -0.007812, 12.497115, 17, 1, 17, 0
2590, -0.007812, 12.497017, 17, 1, 17, 0
2600, -0.007812, 12.496921, 17, 1, 17, 0
2610, -0.007812, 12.496831, 17, 1, 17, 0
2620, -0.007812, 12.496744, 17, 1, 17, 0
2630, -0.007812, 12.496667, 17, 1, 17, 0
2640, -0.007812, 12.496599, 17, 1, 17, 0
2650, -0.007812, 12.496541, 17, 1, 17, 0
2660, -0.007812, 12.496494, 17, 1, 17, 0
2670, -0.007812, 12.496455, 17, 1, 17, 0
2680, -0.007812, 12.496426, 17, 1, 17, 0
2690, -0.009115, 12.496406, 16, 1, 16, 0
2700, -0.010417, 12.496394, 16, 1, 16, 0
2710, -0.011719, 12.496390, 16, 1, 16, 0
2720, -0.011719, 12.496393, 16, 1, 16, 0
2730, -0.011719, 12.496403, 16, 1, 16, 0
2740, -0.011719, 12.496419, 16, 1, 16, 0
2750, -0.011719, 12.496440, 16, 1, 16, 0
2760, -0.011719, 12.496465, 16, 1, 16, 0
2770, -0.011719, 12.496494, 16, 1, 16, 0
2780, -0.011719, 12.496527, 16, 1, 16, 0
2790, -0.011719, 12.496561, 16, 1, 16, 0
2800, -0.011719, 12.496597, 16, 1, 16, 0
2810, -0.011719, 12.496634, 16, 1, 16, 0
2820, -0.011719, 12.496670, 16, 1, 16, 0
2830, -0.011719, 12.496706, 16, 1, 16, 0
2840, -0.011719, 12.496741, 16, 1, 16, 0
2850, -0.011719, 12.496775, 16, 1, 16, 0
2860, -0.011719, 12.496807, 16, 1, 16, 0
2870, -0.011719, 12.496836, 16, 1, 16, 0
2880, -0.011719, 12.496862, 16, 1, 16, 0
2890, -0.011719, 12.496885, 16, 1, 16, 0
2900, -0.011719, 12.496906, 16, 1, 16, 0
2910, -0.011719, 12.496924, 16, 1, 16, 0
2920, -0.011719, 12.496939, 16, 1, 16, 0
2930, -0.010417, 12.496951, 17, 1, 17, 0
2940, -0.009115, 12.496961, 17, 1, 17, 0
2950, -0.007812, 12.496968, 17, 1, 17, 0
2960, -0.007812, 12.496973, 17, 1, 17, 0
2970, -0.007812, 12.496975, 17, 1, 17, 0
2980, -0.007812, 12.496975, 17, 1, 17, 0
2990, -0.007812, 12.496973, 17, 1, 17, 0
3000, -0.007812, 12.496969, 17, 1, 17, 0
3010, -0.007812, 12.496964, 17, 1, 17, 0
3020, -0.007812, 12.496957, 17, 1, 17, 0
3030, -0.007812, 12.496950, 17, 1, 17, 0
3040, -0.007812, 12.496941, 17, 1, 17, 0
3050, -0.007812, 12.496932, 17, 1, 17, 0
3060, -0.007812, 12.496922, 17, 1, 17, 0
3070, -0.007812, 12.496912, 17, 1, 17, 0
3080, -0.007812, 12.496902, 17, 1, 17, 0
3090, -0.007812, 12.496892, 17, 1, 17, 0
3100, -0.007812, 12.496882, 17, 1, 17, 0
3110, -0.007812, 12.496873, 17, 1, 17, 0
3120, -0.007812, 12.496864, 17, 1, 17, 0
3130, -0.007812, 12.496855, 17, 1, 17, 0
3140, -0.007812, 12.496848, 17, 1, 17, 0
3150, -0.007812, 12.496840, 17, 1, 17, 0
3160, -0.007812, 12.496834, 17, 1, 17, 0
3170, -0.007812, 12.496828, 17, 1, 17, 0
3180, -0.007812, 12.496823, 17, 1, 17, 0
3190, -0.007812, 12.496819, 17, 1, 17, 0
3200, -0.007812, 12.496816, 17, 1, 17, 0
3210, -0.007812, 12.496813, 17, 1, 17, 0
3220, -0.007812, 12.496812, 17, 1, 17, 0
3230, -0.007812, 12.496811, 17, 1, 17, 0
3240, -0.007812, 12.496811, 17, 1, 17, 0
3250, -0.007812, 12.496811, 17, 1, 17, 0
3260, -0.007812, 12.496812, 17, 1, 17, 0
3270, -0.007812, 12.496814, 17, 1, 17, 0
3280, -0.007812, 12.496816, 17, 1, 17, 0
3290, -0.007812, 12.496818, 17, 1, 17, 0
3300, -0.007812, 12.496821, 17, 1, 17, 0
3310, -0.007812, 12.496824, 17, 1, 17, 0
3320, -0.007812, 12.496827, 17, 1, 17, 0
3330, -0.007812, 12.496830, 17, 1, 17, 0
3340, -0.007812, 12.496834, 17, 1, 17, 0
3350, -0.007812, 12.496837, 17, 1, 17, 0
3360, -0.007812, 12.496840, 17, 1, 17, 0
3370, -0.007812, 12.496844, 17, 1, 17, 0
3380, -0.007812, 12.496847, 17, 1, 17, 0
3390, -0.007812, 12.496850, 17, 1, 17, 0
3400, -0.006510, 12.496852, 16, 1, 16, 0
3410, -0.005208, 12.496855, 16, 1, 16, 0
3420, -0.003906, 12.496857, 16, 1, 16, 0
3430, -0.003906, 12.496859, 16, 1, 16, 0
3440, -0.003906, 12.496861, 16, 1, 16, 0
3450, -0.003906, 12.496862, 16, 1, 16, 0
3460, -0.003906, 12.496863, 16, 1, 16, 0
3470, -0.003906, 12.496864, 16, 1, 16, 0
3480, -0.003906, 12.496865, 16, 1, 16, 0
3490, -0.003906, 12.496866, 16, 1, 16, 0
3500, -0.003906, 12.496866, 16, 1, 16, 0
3510, -0.003906, 12.496867, 16, 1, 16, 0
3520, -0.002604, 12.496867, 17, 1, 17, 0
3530, -0.001302, 12.496867, 17, 1, 17, 0
3540, 0.000000, 12.496867, 17, 1, 17, 0
3550, 0.000000, 12.496866, 17, 1, 17, 0
3560, 0.000000, 12.496866, 17, 1, 17, 0
3570, 0.000000, 12.496865, 17, 1, 17, 0
3580, 0.000000, 12.496864, 17, 1, 17, 0
3590, 0.000000, 12.496863, 17, 1, 17, 0
3600, 0.000000, 12.496861, 17, 1, 17, 0
3610, 0.000000, 12.496860, 17, 1, 17, 0
3620, 0.000000, 12.496858, 17, 1, 17, 0
3630, 0.000000, 12.496857, 17, 1, 17, 0
3640, 0.000000, 12.496855, 17, 1, 17, 0
3650, 0.000000, 12.496853, 17, 1, 17, 0
3660, 0.000000, 12.496851, 17, 1, 17, 0
3670, 0.000000, 12.496849, 17, 1, 17, 0
3680, 0.000000, 12.496847, 17, 1, 17, 0
3690, 0.000000, 12.496845, 17, 1, 17, 0
3700, 0.000000, 12.496842, 17, 1, 17, 0
3710, 0.000000, 12.496840, 17, 1, 17, 0
3720, 0.000000, 12.496839, 17, 1, 17, 0
3730, 0.000000, 12.496837, 17, 1, 17, 0
3740, 0.000000, 12.496835, 17, 1, 17, 0
3750, 0.000000, 12.496834, 17, 1, 17, 0
3760, 0.000000, 12.496833, 17, 1, 17, 0
3770, 0.000000, 12.496832, 17, 1, 17, 0
3780, 0.000000, 12.496831, 17, 1, 17, 0
3790, 0.000000, 12.496830, 17, 1, 17, 0
3800, 0.000000, 12.496829, 17, 1, 17, 0
3810, 0.000000, 12.496828, 17, 1, 17, 0
3820, 0.000000, 12.496828, 17, 1, 17, 0
3830, 0.000000, 12.496827, 17, 1, 17, 0
3840, 0.000000, 12.496826, 17, 1, 17, 0
3850, 0.000000, 12.496826, 17, 1, 17, 0
3860, 0.000000, 12.496825, 17, 1, 17, 0
3870, 0.000000, 12.496824, 17, 1, 17, 0
3880, 0.000000, 12.496824, 17, 1, 17, 0
3890, 0.000000, 12.496823, 17, 1, 17, 0
3900, 0.000000, 12.496822, 17, 1, 17, 0
3910, 0.000000, 12.496822, 17, 1, 17, 0
3920, 0.000000, 12.496821, 17, 1, 17, 0
3930, 0.000000, 12.496821, 17, 1, 17, 0
3940, 0.000000, 12.496820, 17, 1, 17, 0
3950, 0.000000, 12.496820, 17, 1, 17, 0
3960, 0.000000, 12.496819, 17, 1, 17, 0
3970, 0.000000, 12.496819, 17, 1, 17, 0
3980, 0.000000, 12.496818, 17, 1, 17, 0
3990, 0.000000, 12.496817, 17, 1, 17, 0
4000, 0.000000, 12.496817, 17, 1, 17, 0
4010, 0.000000, 12.496816, 17, 1, 17, 0
4020, 0.000000, 12.496815, 17, 1, 17, 0
4030, 0.000000, 12.496814, 17, 1, 17, 0
4040, 0.000000, 12.496813, 17, 1, 17, 0
4050, 0.000000, 12.496812, 17, 1, 17, 0
4060, 0.000000, 12.496812, 17, 1, 17, 0
4070, 0.000000, 12.496811, 17, 1, 17, 0
4080, 0.000000, 12.496811, 17, 1, 17, 0
4090, 0.000000, 12.496811, 17, 1, 17, 0
4100, 0.000000, 12.496811, 17, 1, 17, 0
4110, 0.000000, 12.496810, 17, 1, 17, 0
4120, 0.000000, 12.496809, 17, 1, 17, 0
4130, 0.000000, 12.496808, 17, 1, 17, 0
4140, 0.000000, 12.496807, 17, 1, 17, 0
4150, 0.000000, 12.496806, 17, 1, 17, 0
4160, 0.000000, 12.496805, 17, 1, 17, 0
4170, 0.000000, 12.496804, 17, 1, 17, 0
4180, 0.000000, 12.496804, 17, 1, 17, 0
4190, 0.000000, 12.496803, 17, 1, 17, 0
4200, 0.000000, 12.496803, 17, 1, 17, 0
4210, 0.000000, 12.496802, 17, 1, 17, 0
4220, 0.000000, 12.496801, 17, 1, 17, 0
4230, 0.000000, 12.496801, 17, 1, 17, 0
4240, 0.000000, 12.496800, 17, 1, 17, 0
4250, 0.000000, 12.496799, 17, 1, 17, 0
4260, 0.000000, 12.496798, 17, 1, 17, 0
4270, 0.000000, 12.496798, 17, 1, 17, 0
4280, 0.000000, 12.496797, 17, 1, 17, 0
4290, 0.000000, 12.496796, 17, 1, 17, 0
4300, 0.000000, 12.496796, 17, 1, 17, 0
4310, 0.000000, 12.496795, 17, 1, 17, 0
4320, 0.000000, 12.496795, 17, 1, 17, 0
4330, 0.000000, 12.496794, 17, 1, 17, 0
4340, 0.000000, 12.496793, 17, 1, 17, 0
4350, 0.000000, 12.496793, 17, 1, 17, 0
4360, 0.000000, 12.496792, 17, 1, 17, 0
4370, 0.000000, 12.496792, 17, 1, 17, 0
4380, 0.000000, 12.496791, 17, 1, 17, 0
4390, 0.000000, 12.496790, 17, 1, 17, 0
4400, 0.000000, 12.496789, 17, 1, 17, 0
4410, 0.000000, 12.496788, 17, 1, 17, 0
4420, 0.000000, 12.496787, 17, 1, 17, 0
4430, 0.000000, 12.496787, 17, 1, 17, 0
4440, 0.000000, 12.496786, 17, 1, 17, 0
4450, 0.000000, 12.496786, 17, 1, 17, 0
4460, 0.000000, 12.496785, 17, 1, 17, 0
4470, 0.000000, 12.496785, 17, 1, 17, 0
4480, 0.000000, 12.496784, 17, 1, 17, 0
4490, 0.000000, 12.496784, 17, 1, 17, 0
4500, 0.000000, 12.496783, 17, 1, 17, 0
4510, 0.000000, 12.496783, 17, 1, 17, 0
4520, 0.000000, 12.496783, 17, 1, 17, 0
4530, 0.000000, 12.496782, 17, 1, 17, 0
4540, 0.000000, 12.496782, 17, 1, 17, 0
4550, 0.000000, 12.496781, 17, 1, 17, 0
4560, 0.000000, 12.496781, 17, 1, 17, 0
4570, 0.000000, 12.496780, 17, 1, 17, 0
4580, 0.000000, 12.496779, 17, 1, 17, 0
4590, 0.000000, 12.496779, 17, 1, 17, 0
4600, 0.000000, 12.496778, 17, 1, 17, 0
4610, -0.001302, 12.496777, 16, 1, 16, 0
4620, -0.002604, 12.496777, 16, 1, 16, 0
4630, -0.003906, 12.496776, 16, 1, 16, 0
4640, -0.003906, 12.496776, 16, 1, 16, 0
4650, -0.003906, 12.496775, 16, 1, 16, 0
4660, -0.003906, 12.496776, 16, 1, 16, 0
4670, -0.002604, 12.496776, 17, 1, 17, 0
4680, -0.001302, 12.496775, 17, 1, 17, 0
4690, 0.000000, 12.496775, 17, 1, 17, 0
4700, -0.001302, 12.496774, 16, 1, 16, 0
4710, -0.002604, 12.496773, 16, 1, 16, 0
4720, -0.003906, 12.496773, 16, 1, 16, 0
4730, -0.003906, 12.496772, 16, 1, 16, 0
4740, -0.003906, 12.496772, 16, 1, 16, 0
4750, -0.002604, 12.496772, 17, 1, 17, 0
4760, -0.001302, 12.496771, 17, 1, 17, 0
4770, 0.000000, 12.496771, 17, 1, 17, 0
4780, 0.000000, 12.496770, 17, 1, 17, 0
4790, -0.001302, 12.496768, 16, 1, 16, 0
4800, -0.002604, 12.496766, 16, 1, 16, 0
4810, -0.003906, 12.496764, 16, 1, 16, 0
4820, -0.003906, 12.496762, 16, 1, 16, 0
4830, -0.002604, 12.496760, 17, 1, 17, 0
4840, -0.001302, 12.496759, 17, 1, 17, 0
4850, 0.000000, 12.496758, 17, 1, 17, 0
4860, 0.000000, 12.496757, 17, 1, 17, 0
4870, -0.001302, 12.496756, 16, 1, 16, 0
4880, -0.002604, 12.496753, 16, 1, 16, 0
4890, -0.003906, 12.496750, 16, 1, 16, 0
4900, -0.003906, 12.496748, 16, 1, 16, 0
4910, -0.002604, 12.496746, 17, 1, 17, 0
4920, -0.001302, 12.496744, 17, 1, 17, 0
4930, 0.000000, 12.496742, 17, 1, 17, 0
4940, 0.000000, 12.496739, 17, 1, 17, 0
4950, -0.001302, 12.496736, 16, 1, 16, 0
4960, -0.002604, 12.496732, 16, 1, 16, 0
4970, -0.003906, 12.496728, 16, 1, 16, 0
4980, -0.003906, 12.496724, 16, 1, 16, 0
4990, -0.003906, 12.496719, 16, 1, 16, 0
5000, -0.003906, 12.496715, 16, 1, 16, 0
5010, -0.003906, 12.496710, 16, 1, 16, 0
5020, -0.002604, 12.496705, 17, 1, 17, 0
5030, -0.001302, 12.496701, 17, 1, 17, 0
5040, -0.001302, 12.496696, 16, 1, 16, 0
5050, -0.002604, 12.496691, 16, 1, 16, 0
5060, -0.003906, 12.496684, 16, 1, 16, 0
5070, -0.003906, 12.496678, 16, 1, 16, 0
5080, -0.003906, 12.496671, 16, 1, 16, 0
5090, -0.003906, 12.496664, 16, 1, 16, 0
5100, -0.003906, 12.496656, 16, 1, 16, 0
5110, -0.003906, 12.496648, 16, 1, 16, 0
5120, -0.003906, 12.496640, 16, 1, 16, 0
5130, -0.003906, 12.496630, 16, 1, 16, 0
5140, -0.003906, 12.496621, 16, 1, 16, 0
5150, -0.003906, 12.496610, 16, 1, 16, 0
5160, -0.003906, 12.496599, 16, 1, 16, 0
5170, -0.003906, 12.496586, 16, 1, 16, 0
5180, -0.003906, 12.496572, 16, 1, 16, 0
5190, -0.003906, 12.496557, 16, 1, 16, 0
5200, -0.003906, 12.496542, 16, 1, 16, 0
5210, -0.003906, 12.496525, 16, 1, 16, 0
5220, -0.003906, 12.496508, 16, 1, 16, 0
5230, -0.003906, 12.496489, 16, 1, 16, 0
5240, -0.003906, 12.496469, 16, 1, 16, 0
5250, -0.003906, 12.496448, 16, 1, 16, 0
5260, -0.003906, 12.496425, 16, 1, 16, 0
5270, -0.003906, 12.496401, 16, 1, 16, 0
5280, -0.003906, 12.496375, 16, 1, 16, 0
5290, -0.003906, 12.496347, 16, 1, 16, 0
5300, -0.003906, 12.496318, 16, 1, 16, 0
5310, -0.003906, 12.496286, 16, 1, 16, 0
5320, -0.003906, 12.496252, 16, 1, 16, 0
5330, -0.003906, 12.496216, 16, 1, 16, 0
5340, -0.003906, 12.496178, 16, 1, 16, 0
5350, -0.003906, 12.496138, 16, 1, 16, 0
5360, -0.003906, 12.496095, 16, 1, 16, 0
5370, -0.003906, 12.496049, 16, 1, 16, 0
5380, -0.003906, 12.496000, 16, 1, 16, 0
5390, -0.003906, 12.495949, 16, 1, 16, 0
5400, -0.003906, 12.495895, 16, 1, 16, 0
5410, -0.003906, 12.495837, 16, 1, 16, 0
5420, -0.003906, 12.495775, 16, 1, 16, 0
5430, -0.003906, 12.495710, 16, 1, 16, 0
5440, -0.003906, 12.495642, 16, 1, 16, 0
5450, -0.003906, 12.495570, 16, 1, 16, 0
5460, -0.003906, 12.495494, 16, 1, 16, 0
5470, -0.003906, 12.495414, 16, 1, 16, 0
5480, -0.003906, 12.495329, 16, 1, 16, 0
5490, -0.003906, 12.495240, 16, 1, 16, 0
5500, -0.003906, 12.495146, 16, 1, 16, 0
5510, -0.003906, 12.495047, 16, 1, 16, 0
5520, -0.003906, 12.494943, 16, 1, 16, 0
5530, -0.005208, 12.494834, 17, 1, 17, 0
5540, -0.006510, 12.494719, 17, 1, 17, 0
5550, -0.007812, 12.494597, 17, 1, 17, 0
5560, -0.007812, 12.494469, 17, 1, 17, 0
5570, -0.007812, 12.494335, 17, 1, 17, 0
5580, -0.007812, 12.494194, 17, 1, 17, 0
5590, -0.007812, 12.494046, 17, 1, 17, 0
5600, -0.007812, 12.493889, 17, 1, 17, 0
5610, -0.007812, 12.493726, 17, 1, 17, 0
5620, -0.007812, 12.493555, 17, 1, 17, 0
5630, -0.007812, 12.493376, 17, 1, 17, 0
5640, -0.007812, 12.493189, 17, 1, 17, 0
5650, -0.007812, 12.492993, 17, 1, 17, 0
5660, -0.007812, 12.492787, 17, 1, 17, 0
5670, -0.007812, 12.492572, 17, 1, 17, 0
5680, -0.007812, 12.492347, 17, 1, 17, 0
5690, -0.007812, 12.492113, 17, 1, 17, 0
5700, -0.007812, 12.491870, 17, 1, 17, 0
5710, -0.007812, 12.491618, 17, 1, 17, 0
5720, -0.007812, 12.491355, 17, 1, 17, 0
5730, -0.007812, 12.491079, 17, 1, 17, 0
5740, -0.007812, 12.490793, 17, 1, 17, 0
5750, -0.007812, 12.490496, 17, 1, 17, 0
5760, -0.007812, 12.490189, 17, 1, 17, 0
5770, -0.007812, 12.489872, 17, 1, 17, 0
5780, -0.009115, 12.489541, 16, 1, 16, 0
5790, -0.010417, 12.489197, 16, 1, 16, 0
5800, -0.011719, 12.488839, 16, 1, 16, 0
5810, -0.011719, 12.488469, 16, 1, 16, 0
5820, -0.013021, 12.488086, 17, 1, 17, 0
5830, -0.014323, 12.487691, 17, 1, 17, 0
5840, -0.015625, 12.487283, 17, 1, 17, 0
5850, -0.015625, 12.486860, 17, 1, 17, 0
5860, -0.015625, 12.486422, 17, 1, 17, 0
5870, -0.015625, 12.485970, 17, 1, 17, 0
5880, -0.015625, 12.485504, 17, 1, 17, 0
5890, -0.015625, 12.485023, 17, 1, 17, 0
5900, -0.015625, 12.484527, 17, 1, 17, 0
5910, -0.015625, 12.484016, 17, 1, 17, 0
5920, -0.015625, 12.483490, 17, 1, 17, 0
5930, -0.015625, 12.482947, 17, 1, 17, 0
5940, -0.016927, 12.482388, 18, 1, 18, 0
5950, -0.018229, 12.481811, 18, 1, 18, 0
5960, -0.020833, 12.481216, 17, 1, 17, 0
5970, -0.022135, 12.480601, 17, 1, 17, 0
5980, -0.023438, 12.479969, 17, 1, 17, 0
5990, -0.023438, 12.479319, 17, 1, 17, 0
6000, -0.023438, 12.478648, 17, 1, 17, 0
6010, -0.023438, 12.477952, 17, 1, 17, 0
6020, -0.023438, 12.477234, 17, 1, 17, 0
6030, -0.023438, 12.476496, 17, 1, 17, 0
6040, -0.024740, 12.475739, 18, 1, 18, 0
6050, -0.026042, 12.474962, 18, 1, 18, 0
6060, -0.027344, 12.474163, 18, 1, 18, 0
6070, -0.027344, 12.473343, 18, 1, 18, 0
6080, -0.027344, 12.472502, 18, 1, 18, 0
6090, -0.027344, 12.471639, 18, 1, 18, 0
6100, -0.028646, 12.470756, 17, 1, 17, 0
6110, -0.031250, 12.469852, 18, 1, 18, 0
6120, -0.033854, 12.468895, 18, 1, 18, 0
6130, -0.035156, 12.467909, 18, 1, 18, 0
6140, -0.035156, 12.466898, 18, 1, 18, 0
6150, -0.035156, 12.465834, 18, 1, 18, 0
6160, -0.035156, 12.464752, 18, 1, 18, 0
6170, -0.035156, 12.463654, 18, 1, 18, 0
6180, -0.035156, 12.462541, 18, 1, 18, 0
6190, -0.035156, 12.461378, 18, 1, 18, 0
6200, -0.035156, 12.460195, 18, 1, 18, 0
6210, -0.036458, 12.458992, 19, 1, 19, 0
6220, -0.039062, 12.457742, 18, 1, 18, 0
6230, -0.041667, 12.456474, 18, 1, 18, 0
6240, -0.042969, 12.455192, 18, 1, 18, 0
6250, -0.042969, 12.453859, 18, 1, 18, 0
6260, -0.042969, 12.452509, 18, 1, 18, 0
6270, -0.042969, 12.451112, 18, 1, 18, 0
6280, -0.042969, 12.449700, 18, 1, 18, 0
6290, -0.042969, 12.448243, 18, 1, 18, 0
6300, -0.044545, 12.446773, 19, 2, 18, 1
6310, -0.045847, 12.445258, 19, 1, 19, 0
6320, -0.048451, 12.443696, 18, 1, 18, 0
6330, -0.049479, 12.442092, 18, 1, 18, 0
6340, -0.050781, 12.440482, 18, 1, 18, 0
6350, -0.050781, 12.438836, 18, 1, 18, 0
6360, -0.050781, 12.437152, 18, 1, 18, 0
6370, -0.050781, 12.435428, 18, 1, 18, 0
6380, -0.050781, 12.433671, 18, 1, 18, 0
6390, -0.050781, 12.431881, 18, 1, 18, 0
6400, -0.052083, 12.430061, 19, 1, 19, 0
6410, -0.054688, 12.428213, 18, 1, 18, 0
6420, -0.057292, 12.426337, 18, 1, 18, 0
6430, -0.058594, 12.424433, 18, 1, 18, 0
6440, -0.058594, 12.422500, 18, 1, 18, 0
6450, -0.058594, 12.420545, 18, 1, 18, 0
6460, -0.058594, 12.418563, 18, 1, 18, 0
6470, -0.058594, 12.416556, 18, 1, 18, 0
6480, -0.058594, 12.414520, 18, 1, 18, 0
6490, -0.059896, 12.412462, 19, 1, 19, 0
6500, -0.062500, 12.410376, 18, 1, 18, 0
6510, -0.065104, 12.408264, 18, 1, 18, 0
6520, -0.066406, 12.406126, 18, 1, 18, 0
6530, -0.065257, 12.403965, 17, 2, 16, 1
6540, -0.064108, 12.401782, 17, 2, 16, 1
6550, -0.062960, 12.399579, 17, 2, 16, 1
6560, -0.062960, 12.397353, 17, 2, 16, 1
6570, -0.061993, 12.395105, 16, 2, 15, 1
6580, -0.062360, 12.392835, 15, 2, 14, 1
6590, -0.062728, 12.390545, 15, 2, 14, 1
6600, -0.064063, 12.388231, 15, 2, 14, 1
6610, -0.062240, 12.385897, 14, 1, 14, 0
6620, -0.060417, 12.383542, 14, 1, 14, 0
6630, -0.058594, 12.381171, 14, 1, 14, 0
6640, -0.057292, 12.378778, 13, 1, 13, 0
6650, -0.055990, 12.376371, 13, 1, 13, 0
6660, -0.055990, 12.373941, 12, 1, 12, 0
6670, -0.057292, 12.371496, 12, 1, 12, 0
6680, -0.058594, 12.369028, 12, 1, 12, 0
6690, -0.058594, 12.366547, 12, 1, 12, 0
6700, -0.057292, 12.364050, 11, 1, 11, 0
6710, -0.055990, 12.361543, 11, 1, 11, 0
6720, -0.054688, 12.359025, 11, 1, 11, 0
6730, -0.055990, 12.356493, 10, 1, 10, 0
6740, -0.060961, 12.353951, 11, 2, 10, 1
6750, -0.060961, 12.351391, 9, 1, 9, 0
6760, -0.059659, 12.348829, 9, 1, 9, 0
6770, -0.054688, 12.346260, 9, 1, 9, 0
6780, -0.053385, 12.343687, 8, 1, 8, 0
6790, -0.058919, 12.341105, 8, 2, 7, 1
6800, -0.064453, 12.338512, 8, 2, 7, 1
6810, -0.067057, 12.335911, 8, 1, 8, 0
6820, -0.062826, 12.333308, 8, 1, 8, 0
6830, -0.058594, 12.330708, 8, 1, 8, 0
6840, -0.058594, 12.328110, 8, 1, 8, 0
6850, -0.065430, 12.325510, 8, 2, 7, 1
6860, -0.066732, 12.322907, 7, 1, 7, 0
6870, -0.068034, 12.320301, 7, 1, 7, 0
6880, -0.062500, 12.317700, 7, 1, 7, 0
6890, -0.067383, 12.315104, 8, 2, 7, 1
6900, -0.073242, 12.312512, 8, 2, 7, 1
6910, -0.081055, 12.309939, 7, 2, 6, 1
6920, -0.077474, 12.307404, 6, 1, 6, 0
6930, -0.072917, 12.304881, 6, 1, 6, 0
6940, -0.066406, 12.302374, 6, 1, 6, 0
6950, -0.077474, 12.299884, 8, 3, 6, 1
6960, -0.088542, 12.297390, 8, 3, 6, 1
6970, -0.094308, 12.294889, 7, 2, 6, 1
6980, -0.091053, 12.292386, 6, 2, 5, 1
6990, -0.087798, 12.289899, 6, 2, 5, 1
7000, -0.089844, 12.287432, 6, 2, 5, 1
7010, -0.099609, 12.284979, 8, 3, 5, 2
7020, -0.109375, 12.282528, 8, 3, 5, 2
7030, -0.115885, 12.280076, 7, 3, 5, 1
7040, -0.106554, 12.277628, 6, 2, 5, 1
7050, -0.099653, 12.275206, 5, 2, 4, 1
7060, -0.096007, 12.272809, 5, 2, 4, 1
7070, -0.098438, 12.270428, 5, 2, 4, 1
7080, -0.109524, 12.268052, 7, 3, 4, 2
7090, -0.120610, 12.265670, 7, 3, 4, 2
7100, -0.131696, 12.263285, 7, 3, 4, 2
7110, -0.126426, 12.261017, 6, 2, 4, 2
7120, -0.124566, 12.258986, 7, 2, 4, 3
7130, -0.122706, 12.257275, 7, 2, 4, 3
7140, -0.129650, 12.255819, 6, 2, 3, 3
7150, -0.133185, 12.254513, 6, 2, 3, 3
7160, -0.136719, 12.253275, 6, 2, 3, 3
7170, -0.143880, 12.252117, 8, 3, 4, 3
7180, -0.151042, 12.251015, 8, 3, 4, 3
7190, -0.158203, 12.249951, 8, 3, 4, 3
7200, -0.158203, 12.248932, 8, 3, 4, 3
7210, -0.158999, 12.247941, 9, 3, 5, 3
7220, -0.159795, 12.247032, 9, 3, 5, 3
7230, -0.160590, 12.246210, 9, 3, 5, 3
7240, -0.160590, 12.245484, 9, 3, 5, 3
7250, -0.160590, 12.244852, 9, 3, 5, 3
7260, -0.160590, 12.244289, 9, 3, 5, 3
7270, -0.160590, 12.243805, 9, 3, 5, 3
7280, -0.160590, 12.243392, 9, 3, 5, 3
7290, -0.160590, 12.243046, 9, 3, 5, 3
7300, -0.160590, 12.242759, 9, 3, 5, 3
7310, -0.160590, 12.242526, 9, 3, 5, 3
7320, -0.160590, 12.242342, 9, 3, 5, 3
7330, -0.157516, 12.242201, 8, 2, 5, 3
7340, -0.154442, 12.242100, 8, 2, 5, 3
7350, -0.151367, 12.242035, 8, 2, 5, 3
7360, -0.151367, 12.242003, 8, 2, 5, 3
7370, -0.151367, 12.242003, 8, 2, 5, 3
7380, -0.151367, 12.242028, 8, 2, 5, 3
7390, -0.154483, 12.242074, 7, 2, 5, 2
7400, -0.158343, 12.242134, 7, 3, 4, 2
7410, -0.162202, 12.242206, 7, 3, 4, 2
7420, -0.155134, 12.242286, 7, 2, 4, 3
7430, -0.147321, 12.242370, 7, 2, 4, 3
7440, -0.139509, 12.242464, 7, 2, 4, 3
7450, -0.143973, 12.242571, 7, 2, 5, 2
7460, -0.148437, 12.242697, 7, 2, 5, 2
7470, -0.155645, 12.242824, 8, 3, 5, 2
7480, -0.152855, 12.242940, 6, 2, 4, 2
7490, -0.145787, 12.243046, 7, 2, 4, 3
7500, -0.139385, 12.243147, 6, 2, 4, 2
7510, -0.138517, 12.243244, 6, 2, 4, 2
7520, -0.145213, 12.243339, 7, 3, 4, 2
7530, -0.141654, 12.243444, 5, 2, 3, 2
7540, -0.133408, 12.243538, 6, 2, 3, 3
7550, -0.125521, 12.243618, 5, 2, 3, 2
7560, -0.126476, 12.243690, 6, 2, 4, 2
7570, -0.132118, 12.243756, 6, 2, 4, 2
7580, -0.130556, 12.243818, 5, 2, 3, 2
7590, -0.122309, 12.243954, 6, 2, 3, 3
7600, -0.114062, 12.244098, 6, 2, 3, 3
7610, -0.108073, 12.244260, 4, 2, 2, 2
7620, -0.106771, 12.244390, 4, 2, 2, 2
7630, -0.100521, 12.244495, 5, 2, 3, 2
7640, -0.095573, 12.244571, 5, 2, 3, 2
7650, -0.083854, 12.244623, 4, 2, 3, 1
7660, -0.086198, 12.244648, 4, 2, 2, 2
7670, -0.083594, 12.244658, 5, 2, 3, 2
7680, -0.088802, 12.244643, 5, 3, 3, 1
7690, -0.077083, 12.244608, 4, 2, 3, 1
7700, -0.072917, 12.244551, 3, 2, 2, 1
7710, -0.063151, 12.244469, 4, 2, 3, 1
7720, -0.067318, 12.244367, 5, 2, 3, 2
7730, -0.062109, 12.244242, 4, 2, 3, 1
7740, -0.064063, 12.244094, 3, 2, 2, 1
7750, -0.044271, 12.243925, 3, 1, 3, 0
7760, -0.031250, 12.243718, 3, 1, 3, 0
7770, -0.026042, 12.243487, 4, 2, 3, 1
7780, -0.036458, 12.243237, 4, 2, 3, 1
7790, -0.046224, 12.242972, 4, 2, 3, 1
7800, -0.033203, 12.242681, 3, 1, 3, 0
7810, -0.020182, 12.242342, 3, 1, 3, 0
7820, -0.006510, 12.241974, 4, 1, 4, 0
7830, -0.005208, 12.241576, 4, 1, 4, 0
7840, -0.002604, 12.241162, 3, 1, 3, 0
7850, -0.001302, 12.240719, 3, 1, 3, 0
7860, 0.001302, 12.240252, 4, 1, 4, 0
7870, 0.002604, 12.239690, 4, 1, 4, 0
7880, 0.003906, 12.239007, 4, 1, 4, 0
7890, 0.005208, 12.238185, 3, 1, 3, 0
7900, 0.006510, 12.237260, 3, 1, 3, 0
7910, 0.009115, 12.236240, 2, 1, 2, 0
7920, 0.010417, 12.235161, 2, 1, 2, 0
7930, 0.013021, 12.234071, 1, 1, 1, 0
7940, 0.014323, 12.232930, 1, 1, 1, 0
7950, 99999.990000, 12.231783, 0, 1, 0, 0
7960, 99999.990000, 12.230760, 0, 1, 0, 0
7970, 0.005208, 12.229810, 1, 1, 1, 0
7980, 0.010417, 12.228879, 1, 1, 1, 0
7990, 0.014323, 12.227940, 2, 1, 2, 0
8000, 0.011719, 12.226983, 3, 1, 3, 0
8010, 0.009115, 12.226021, 3, 1, 3, 0
8020, 0.006510, 12.225065, 4, 1, 4, 0
8030, 0.003906, 12.224104, 3, 1, 3, 0
8040, 0.001302, 12.223136, 3, 1, 3, 0
8050, -0.001302, 12.222158, 4, 1, 4, 0
8060, -0.002604, 12.221178, 4, 1, 4, 0
8070, -0.003906, 12.220208, 4, 1, 4, 0
8080, -0.005208, 12.219245, 5, 1, 5, 0
8090, -0.007812, 12.218294, 4, 1, 4, 0
8100, -0.010417, 12.217346, 4, 1, 4, 0
8110, -0.011719, 12.216405, 4, 1, 4, 0
8120, -0.013021, 12.215444, 5, 1, 5, 0
8130, -0.014323, 12.214484, 5, 1, 5, 0
8140, -0.016927, 12.213529, 4, 1, 4, 0
8150, -0.018229, 12.212553, 4, 1, 4, 0
8160, -0.029167, 12.211580, 5, 2, 4, 1
8170, -0.029167, 12.210587, 4, 1, 4, 0
8180, -0.029167, 12.209569, 4, 1, 4, 0
8190, -0.020833, 12.208564, 3, 1, 3, 0
8200, -0.034505, 12.207550, 4, 2, 3, 1
8210, -0.037109, 12.206507, 4, 1, 4, 0
8220, -0.038411, 12.205436, 4, 1, 4, 0
8230, -0.028646, 12.204347, 3, 1, 3, 0
8240, -0.042318, 12.203246, 4, 2, 3, 1
8250, -0.043620, 12.202131, 3, 1, 3, 0
8260, -0.043620, 12.200996, 3, 1, 3, 0
8270, -0.031250, 12.199846, 3, 1, 3, 0
8280, -0.049479, 12.198695, 3, 2, 2, 1
8290, -0.065972, 12.197517, 3, 2, 2, 1
8300, -0.082465, 12.196306, 3, 2, 2, 1
8310, -0.080729, 12.195061, 3, 2, 2, 1
8320, -0.092882, 12.193805, 2, 2, 1, 1
8330, -0.102431, 12.192524, 2, 2, 1, 1
8340, -0.111979, 12.191219, 2, 2, 1, 1
8350, -0.109375, 12.189889, 2, 2, 1, 1
8360, -0.109375, 12.188545, 2, 2, 1, 1
8370, -0.119792, 12.187183, 3, 3, 1, 1
8380, -0.147135, 12.185789, 2, 2, 1, 1
8390, -0.171875, 12.184353, 2, 1, 2, 0
8400, -0.186198, 12.182866, 2, 1, 2, 0
8410, -0.183594, 12.181199, 2, 1, 2, 0
8420, -0.183594, 12.179530, 2, 1, 2, 0
8430, -0.183594, 12.177859, 2, 1, 2, 0
8440, -0.186632, 12.176189, 3, 2, 2, 1
8450, -0.187934, 12.174499, 4, 2, 3, 1
8460, -0.189236, 12.172666, 4, 2, 3, 1
8470, -0.184896, 12.170808, 3, 1, 3, 0
8480, -0.182292, 12.168944, 3, 1, 3, 0
8490, -0.180990, 12.167064, 4, 1, 4, 0
8500, -0.182292, 12.165030, 4, 1, 4, 0
8510, -0.183594, 12.162978, 4, 1, 4, 0
8520, -0.183594, 12.160912, 4, 1, 4, 0
8530, -0.183594, 12.158720, 4, 1, 4, 0
8540, -0.185938, 12.156524, 5, 2, 4, 1
8550, -0.188281, 12.154211, 5, 2, 4, 1
8560, -0.189149, 12.151903, 6, 2, 5, 1
8570, -0.187674, 12.149490, 6, 2, 5, 1
8580, -0.184028, 12.147100, 5, 1, 5, 0
8590, -0.181858, 12.144614, 5, 1, 5, 0
8600, -0.179688, 12.142154, 5, 1, 5, 0
8610, -0.179688, 12.139591, 5, 1, 5, 0
8620, -0.179688, 12.136930, 5, 1, 5, 0
8630, -0.180990, 12.134299, 6, 1, 6, 0
8640, -0.180990, 12.131581, 7, 1, 7, 0
8650, -0.180990, 12.128781, 7, 1, 7, 0
8660, -0.179688, 12.126027, 7, 1, 7, 0
8670, -0.181641, 12.123197, 8, 2, 7, 1
8680, -0.183594, 12.120290, 8, 2, 7, 1
8690, -0.185547, 12.117336, 8, 2, 7, 1
8700, -0.184172, 12.114449, 9, 2, 8, 1
8710, -0.182798, 12.111505, 9, 2, 8, 1
8720, -0.181424, 12.108500, 9, 2, 8, 1
8730, -0.181424, 12.105430, 9, 2, 8, 1
8740, -0.180064, 12.102308, 10, 2, 9, 1
8750, -0.178704, 12.099160, 10, 2, 9, 1
8760, -0.175994, 12.095965, 11, 2, 10, 1
8770, -0.172869, 12.092717, 10, 1, 10, 0
8780, -0.168442, 12.089463, 11, 1, 11, 0
8790, -0.165365, 12.086276, 11, 1, 11, 0
8800, -0.164062, 12.083063, 11, 1, 11, 0
8810, -0.164062, 12.079776, 11, 1, 11, 0
8820, -0.164062, 12.076448, 11, 1, 11, 0
8830, -0.164062, 12.073086, 11, 1, 11, 0
8840, -0.164062, 12.069649, 11, 1, 11, 0
8850, -0.164062, 12.066184, 11, 1, 11, 0
8860, -0.164062, 12.062668, 11, 1, 11, 0
8870, -0.164062, 12.059132, 11, 1, 11, 0
8880, -0.164062, 12.055587, 11, 1, 11, 0
8890, -0.164062, 12.052029, 11, 1, 11, 0
8900, -0.162760, 12.048457, 12, 1, 12, 0
8910, -0.161458, 12.044862, 12, 1, 12, 0
8920, -0.160156, 12.041243, 12, 1, 12, 0
8930, -0.160156, 12.037598, 12, 1, 12, 0
8940, -0.160156, 12.033930, 12, 1, 12, 0
8950, -0.160156, 12.030236, 12, 1, 12, 0
8960, -0.160156, 12.026528, 12, 1, 12, 0
8970, -0.160156, 12.022790, 12, 1, 12, 0
8980, -0.160156, 12.019033, 12, 1, 12, 0
8990, -0.160156, 12.015249, 12, 1, 12, 0
9000, -0.158854, 12.011444, 13, 1, 13, 0
9010, -0.157552, 12.007703, 13, 1, 13, 0
9020, -0.154948, 12.003926, 12, 1, 12, 0
9030, -0.153646, 12.000115, 12, 1, 12, 0
9040, -0.152344, 11.996269, 12, 1, 12, 0
9050, -0.152344, 11.992468, 12, 1, 12, 0
9060, -0.152344, 11.988639, 12, 1, 12, 0
9070, -0.152344, 11.984770, 12, 1, 12, 0
9080, -0.152902, 11.980945, 14, 2, 13, 1
9090, -0.153460, 11.977082, 14, 2, 13, 1
9100, -0.154018, 11.973253, 14, 2, 13, 1
9110, -0.155630, 11.969497, 15, 2, 13, 2
9120, -0.157242, 11.965752, 15, 2, 13, 2
9130, -0.154514, 11.961934, 12, 2, 10, 2
9140, -0.150174, 11.958111, 12, 2, 10, 2
9150, -0.144571, 11.954209, 11, 2, 10, 1
9160, -0.140230, 11.950424, 11, 1, 11, 0
9170, -0.135890, 11.947073, 11, 1, 11, 0
9180, -0.131510, 11.944172, 10, 1, 10, 0
9190, -0.130208, 11.941628, 10, 1, 10, 0
9200, -0.128906, 11.939370, 10, 1, 10, 0
9210, -0.128906, 11.937371, 10, 1, 10, 0
9220, -0.129261, 11.935425, 11, 2, 10, 1
9230, -0.129616, 11.933552, 11, 2, 10, 1
9240, -0.129972, 11.931568, 11, 2, 10, 1
9250, -0.129972, 11.929586, 11, 2, 10, 1
9260, -0.125710, 11.927753, 9, 1, 9, 0
9270, -0.121449, 11.925978, 9, 1, 9, 0
9280, -0.117188, 11.924265, 9, 1, 9, 0
9290, -0.117188, 11.922629, 9, 1, 9, 0
9300, -0.117188, 11.921197, 9, 1, 9, 0
9310, -0.120313, 11.919844, 10, 2, 9, 1
9320, -0.121094, 11.918688, 10, 2, 9, 1
9330, -0.118490, 11.917577, 9, 1, 9, 0
9340, -0.112760, 11.916605, 9, 1, 9, 0
9350, -0.109375, 11.915651, 9, 1, 9, 0
9360, -0.109375, 11.914709, 9, 1, 9, 0
9370, -0.112500, 11.913906, 10, 2, 9, 1
9380, -0.112500, 11.913131, 9, 1, 9, 0
9390, -0.112500, 11.912486, 9, 1, 9, 0
9400, -0.108073, 11.911962, 10, 1, 10, 0
9410, -0.109493, 11.911414, 11, 2, 10, 1
9420, -0.130727, 11.910963, 13, 3, 10, 2
9430, -0.152646, 11.910716, 12, 2, 10, 2
9440, -0.187126, 11.910662, 14, 2, 10, 4
9450, -0.211235, 11.910844, 17, 3, 10, 6
9460, -0.241921, 11.911188, 20, 2, 12, 8
9470, -0.257322, 11.911470, 20, 2, 12, 8
9480, -0.262240, 11.911850, 20, 2, 12, 8
9490, -0.258594, 11.912300, 20, 2, 12, 8
9500, -0.253906, 11.912772, 20, 2, 12, 8
9510, -0.249479, 11.913255, 20, 3, 11, 8
9520, -0.241845, 11.913754, 19, 2, 12, 7
9530, -0.238459, 11.914255, 20, 3, 11, 8
9540, -0.232991, 11.914784, 20, 2, 12, 8
9550, -0.232552, 11.915333, 20, 3, 11, 8
9560, -0.226042, 11.915932, 20, 2, 12, 8
9570, -0.214612, 11.916546, 18, 3, 11, 6
9580, -0.212603, 11.917142, 21, 2, 12, 9
9590, -0.212591, 11.917770, 21, 3, 11, 9
9600, -0.219203, 11.918445, 20, 2, 11, 9
9610, -0.212878, 11.919208, 21, 2, 12, 9
9620, -0.200432, 11.920009, 19, 3, 11, 7
9630, -0.196490, 11.920797, 22, 2, 12, 10
9640, -0.195898, 11.921589, 22, 3, 11, 10
9650, -0.201152, 11.922411, 21, 2, 11, 10
9660, -0.191868, 11.923302, 21, 2, 12, 9
9670, -0.176698, 11.924181, 19, 3, 11, 7
9680, -0.166778, 11.925001, 21, 2, 12, 9
9690, -0.164638, 11.925792, 20, 2, 11, 9
9700, -0.165396, 11.926610, 21, 3, 11, 9
9710, -0.152236, 11.927482, 17, 2, 11, 6
9720, -0.135884, 11.928331, 17, 2, 11, 6
9730, -0.127451, 11.929125, 20, 3, 11, 8
9740, -0.128967, 11.929917, 19, 2, 11, 8
9750, -0.130482, 11.930787, 19, 2, 11, 8
9760, -0.121856, 11.931753, 16, 2, 10, 6
9770, -0.116648, 11.932750, 19, 2, 11, 8
9780, -0.121719, 11.933789, 16, 2, 8, 8
9790, -0.131973, 11.934935, 16, 3, 8, 7
9800, -0.133238, 11.936236, 13, 2, 7, 6
9810, -0.128681, 11.937642, 12, 2, 6, 6
9820, -0.136468, 11.939105, 13, 3, 8, 4
9830, -0.151125, 11.940708, 12, 2, 8, 4
9840, -0.162627, 11.942507, 9, 2, 6, 3
9850, -0.161024, 11.944499, 9, 2, 6, 3
9860, -0.163520, 11.946601, 8, 2, 6, 2
9870, -0.164388, 11.948833, 11, 3, 8, 2
9880, -0.178856, 11.951188, 9, 2, 8, 1
9890, -0.185185, 11.953769, 9, 2, 8, 1
9900, -0.190021, 11.956546, 7, 2, 6, 1
9910, -0.173694, 11.959522, 7, 2, 6, 1
9920, -0.136367, 11.962552, 9, 3, 6, 2
9930, -0.109277, 11.965480, 11, 3, 8, 2
9940, -0.084662, 11.968333, 12, 4, 8, 2
9950, -0.081045, 11.971136, 12, 4, 8, 2
9960, -0.073025, 11.974048, 8, 2, 6, 2
9970, -0.104709, 11.977083, 6, 1, 6, 0
9980, -0.137695, 11.980537, 8, 1, 8, 0
9990, -0.166667, 11.984460, 8, 1, 8, 0
10000, -0.161458, 11.988882, 6, 1, 6, 0
10010, -0.154948, 11.993667, 6, 1, 6, 0
10020, -0.127604, 12.000014, 7, 2, 6, 1
10030, -0.091146, 12.005869, 8, 3, 6, 1
10040, -0.068287, 12.010330, 9, 2, 8, 1
10050, -0.082610, 12.014709, 8, 1, 8, 0
10060, -0.093399, 12.019278, 7, 2, 6, 1
10070, -0.090588, 12.024131, 7, 2, 6, 1
10080, -0.071429, 12.029208, 7, 2, 6, 1
10090, -0.067584, 12.034388, 9, 2, 8, 1
10100, -0.064348, 12.039705, 10, 2, 9, 1
10110, -0.060069, 12.045183, 8, 2, 7, 1
10120, -0.053125, 12.050838, 9, 2, 8, 1
10130, -0.045573, 12.056658, 9, 2, 8, 1
10140, -0.042752, 12.062619, 12, 2, 11, 1
10150, -0.032707, 12.068761, 14, 3, 12, 1
10160, -0.019923, 12.075058, 11, 3, 9, 1
10170, -0.003450, 12.081487, 11, 3, 9, 1
10180, 0.002131, 12.088012, 14, 3, 12, 1
10190, 0.011222, 12.094384, 15, 3, 12, 2
10200, 0.024479, 12.100623, 12, 3, 9, 2
10210, 0.061897, 12.106647, 19, 3, 12, 4
10220, 0.130767, 12.112440, 26, 3, 16, 9
10230, 0.195948, 12.117960, 34, 3, 21, 12
10240, 0.250348, 12.123000, 31, 2, 22, 9
10250, 0.264030, 12.127445, 30, 2, 21, 9
10260, 0.274706, 12.130670, 31, 3, 21, 9
10270, 0.238261, 12.131098, 19, 4, 9, 8
10280, 0.167471, 12.131762, 12, 3, 9, 2
10290, 0.070781, 12.131838, 9, 1, 9, 0
10300, 0.097913, 12.130082, 22, 3, 12, 9
10310, 0.163234, 12.127126, 34, 4, 18, 12
10320, 0.256044, 12.124302, 36, 3, 22, 12
10330, 0.259950, 12.122635, 33, 2, 21, 12
10340, 0.260423, 12.122058, 33, 2, 21, 12
10350, 0.259233, 12.122219, 33, 2, 21, 12
10360, 0.259233, 12.122873, 33, 2, 21, 12
10370, 0.259233, 12.123894, 33, 2, 21, 12
10380, 0.256806, 12.125200, 32, 2, 20, 12
10390, 0.254755, 12.126658, 33, 3, 20, 12
10400, 0.261139, 12.128279, 30, 3, 20, 9
10410, 0.269949, 12.130238, 30, 3, 20, 9
10420, 0.269766, 12.132609, 34, 3, 21, 12
10430, 0.260778, 12.135202, 33, 2, 21, 12
10440, 0.252374, 12.137484, 32, 3, 20, 11
10450, 0.258504, 12.136494, 31, 3, 20, 9
10460, 0.255900, 12.137893, 33, 2, 21, 12
10470, 0.250659, 12.131219, 33, 3, 20, 12
10480, 0.248055, 12.126508, 31, 3, 20, 9
10490, 0.243024, 12.122128, 32, 2, 20, 12
10500, 0.240773, 12.117471, 34, 3, 20, 12
10510, 0.235686, 12.112575, 29, 3, 19, 9
10520, 0.233810, 12.107386, 34, 3, 20, 12
10530, 0.228443, 12.101930, 32, 3, 19, 12
10540, 0.220620, 12.096206, 25, 4, 13, 9
10550, 0.208546, 12.090244, 28, 4, 12, 12
10560, 0.196908, 12.083917, 27, 5, 12, 11
10570, 0.186156, 12.077349, 22, 4, 10, 9
10580, 0.166075, 12.070560, 22, 6, 12, 5
10590, 0.127446, 12.063581, 18, 4, 12, 3
10600, 0.079433, 12.056421, 13, 4, 9, 2
10610, 0.043315, 12.049028, 16, 4, 12, 2
10620, 0.007424, 12.041334, 13, 2, 12, 1
10630, -0.010685, 12.033446, 15, 3, 12, 2
10640, -0.022625, 12.025663, 11, 2, 9, 2
10650, -0.021804, 12.017713, 10, 2, 9, 1
10660, -0.030881, 12.009644, 14, 2, 12, 2
10670, -0.036124, 12.001362, 14, 2, 12, 2
10680, -0.039749, 11.992967, 13, 2, 12, 1
10690, -0.033623, 11.984478, 15, 4, 12, 1
10700, -0.027671, 11.975880, 15, 3, 12, 2
10710, -0.021776, 11.967052, 14, 2, 12, 2
10720, -0.034369, 11.958076, 13, 2, 12, 1
10730, -0.034543, 11.949008, 15, 4, 12, 1
10740, -0.017965, 11.939731, 16, 3, 12, 2
10750, 0.004384, 11.930323, 16, 3, 12, 2
10760, 0.017741, 11.920789, 16, 3, 12, 3
10770, 0.040690, 11.911039, 16, 5, 9, 4
10780, 0.052143, 11.901140, 19, 5, 12, 3
10790, 0.055810, 11.891092, 17, 3, 12, 4
10800, 0.039824, 11.880834, 18, 5, 12, 3
10810, 0.035369, 11.870466, 18, 4, 12, 3
10820, 0.028447, 11.859989, 16, 3, 12, 3
10830, 0.017415, 11.849300, 16, 4, 12, 2
10840, 0.010752, 11.838470, 17, 4, 12, 2
10850, 0.011087, 11.827527, 17, 4, 12, 2
10860, -0.001236, 11.816360, 14, 3, 12, 1
10870, -0.009384, 11.805070, 16, 3, 12, 3
10880, -0.016718, 11.793648, 16, 4, 12, 2
10890, -0.019880, 11.782033, 14, 3, 12, 1
10900, -0.032599, 11.770295, 14, 3, 12, 1
10910, -0.036505, 11.758445, 16, 3, 12, 3
10920, -0.032413, 11.746494, 15, 3, 12, 2
10930, -0.031483, 11.734354, 14, 3, 12, 1
10940, -0.041481, 11.722101, 14, 3, 12, 1
10950, -0.041828, 11.709742, 15, 3, 12, 2
10960, -0.037711, 11.697293, 15, 3, 12, 2
10970, -0.027713, 11.684742, 16, 4, 12, 2
10980, -0.024436, 11.672079, 16, 3, 12, 3
10990, -0.024957, 11.659242, 15, 3, 12, 2
11000, -0.034211, 11.646313, 14, 3, 12, 1
11010, -0.033560, 11.633300, 16, 4, 12, 2
11020, -0.029274, 11.620223, 16, 3, 12, 2
11030, -0.024251, 11.607060, 15, 3, 12, 2
11040, -0.024577, 11.593822, 16, 4, 12, 2
11050, -0.025228, 11.580497, 16, 3, 12, 2
11060, -0.025749, 11.567094, 15, 3, 12, 2
11070, -0.026400, 11.553621, 16, 4, 12, 2
11080, -0.022886, 11.540084, 17, 3, 12, 3
11090, -0.018784, 11.526639, 16, 3, 12, 3
11100, -0.017971, 11.513603, 16, 3, 12, 3
11110, -0.014992, 11.500933, 18, 3, 12, 4
11120, -0.014015, 11.488353, 16, 2, 12, 4
11130, -0.008464, 11.476041, 18, 3, 12, 4
11140, -0.007740, 11.463911, 18, 3, 12, 5
11150, -0.002459, 11.451909, 18, 3, 12, 5
11160, 0.001043, 11.440041, 19, 3, 12, 6
11170, 0.005315, 11.428293, 19, 2, 12, 7
11180, 0.013943, 11.416663, 22, 3, 12, 8
11190, 0.018955, 11.405143, 21, 3, 12, 8
11200, 0.022477, 11.393749, 23, 4, 12, 8
11210, 0.023069, 11.382497, 22, 3, 12, 9
11220, 0.025172, 11.371407, 23, 3, 12, 9
11230, 0.030182, 11.360491, 24, 3, 12, 11
11240, 0.028678, 11.349760, 27, 3, 15, 11
11250, 0.026111, 11.339223, 28, 3, 15, 11
11260, 0.019721, 11.328877, 27, 3, 15, 11
11270, 0.020037, 11.318709, 29, 3, 15, 12
11280, 0.017805, 11.308708, 28, 4, 15, 11
11290, 0.018021, 11.298872, 29, 3, 15, 12
11300, 0.014329, 11.289203, 27, 3, 15, 11
11310, 0.017384, 11.279699, 27, 4, 12, 12
11320, 0.019209, 11.270351, 25, 3, 12, 12
11330, 0.022258, 11.261150, 26, 3, 12, 12
11340, 0.021498, 11.251858, 25, 3, 12, 12
11350, 0.018886, 11.242568, 26, 3, 12, 12
11360, 0.017484, 11.233374, 26, 3, 12, 12
11370, 0.016727, 11.224318, 26, 3, 13, 12
11380, 0.015325, 11.215426, 26, 3, 12, 12
11390, 0.013522, 11.206705, 26, 3, 13, 12
11400, 0.010216, 11.198147, 26, 3, 12, 12
11410, 0.009415, 11.189740, 26, 3, 13, 12
11420, 0.007855, 11.181474, 28, 4, 13, 12
11430, 0.007054, 11.173316, 26, 3, 13, 12
11440, 0.005392, 11.165209, 27, 3, 13, 12
11450, 0.001610, 11.157176, 30, 3, 15, 14
11460, -0.003752, 11.149261, 30, 3, 15, 13
11470, -0.008977, 11.141472, 29, 4, 15, 11
11480, -0.011612, 11.133811, 28, 4, 15, 11
11490, -0.013088, 11.126274, 30, 4, 15, 11
11500, -0.014807, 11.118859, 27, 3, 15, 11
11510, -0.016273, 11.111565, 29, 4, 15, 11
11520, -0.018400, 11.104392, 28, 3, 16, 11
11530, -0.021903, 11.097341, 31, 4, 17, 11
11540, -0.025962, 11.090410, 30, 3, 18, 11
11550, -0.026985, 11.083604, 28, 3, 16, 11
11560, -0.026432, 11.076923, 29, 3, 16, 11
11570, -0.024674, 11.070368, 24, 2, 14, 10
11580, -0.023156, 11.063937, 25, 3, 12, 11
11590, -0.020990, 11.057633, 24, 3, 12, 11
11600, -0.017947, 11.051456, 23, 3, 11, 10
11610, -0.016358, 11.045404, 20, 3, 10, 9
11620, -0.013067, 11.039480, 18, 2, 10, 8
11630, -0.011878, 11.033683, 20, 4, 10, 7
11640, -0.005986, 11.028013, 16, 2, 10, 6
11650, -0.004250, 11.022471, 18, 4, 10, 5
11660, 0.002633, 11.017056, 14, 4, 9, 3
11670, 0.002795, 11.011770, 16, 4, 10, 3
11680, 0.012767, 11.006612, 13, 4, 10, 1
11690, 0.019406, 11.001585, 13, 3, 10, 2
11700, 0.030582, 10.996688, 12, 3, 10, 1
11710, 0.034789, 10.991924, 12, 2, 10, 2
11720, 0.031467, 10.987292, 12, 3, 9, 2
11730, 0.030204, 10.982791, 11, 2, 9, 2
11740, 0.020735, 10.978419, 11, 3, 8, 2
11750, 0.022727, 10.974176, 11, 2, 9, 2
11760, 0.010752, 10.970063, 12, 3, 8, 2
11770, 0.013190, 10.966078, 10, 2, 8, 2
11780, 0.001215, 10.962225, 12, 3, 8, 2
11790, 0.005686, 10.958499, 10, 2, 8, 2
11800, -0.007169, 10.954905, 11, 3, 7, 2
11810, -0.008905, 10.951435, 12, 3, 8, 3
11820, -0.021761, 10.948092, 11, 3, 7, 2
11830, -0.023418, 10.944869, 11, 3, 7, 3
11840, -0.024503, 10.941769, 10, 2, 7, 3
11850, -0.029356, 10.938792, 12, 3, 7, 3
11860, -0.028125, 10.935937, 10, 2, 7, 3
11870, -0.039844, 10.933202, 13, 3, 7, 4
11880, -0.040929, 10.930580, 12, 3, 7, 4
11890, -0.055556, 10.928072, 12, 3, 6, 4
11900, -0.056266, 10.925669, 11, 3, 6, 4
11910, -0.060507, 10.923370, 11, 2, 6, 5
11920, -0.064030, 10.921177, 13, 3, 6, 5
11930, -0.064740, 10.919089, 11, 2, 6, 5
11940, -0.068528, 10.917095, 10, 2, 5, 5
11950, -0.069839, 10.915208, 11, 3, 5, 5
11960, -0.077415, 10.913432, 11, 2, 6, 5
11970, -0.084142, 10.911751, 12, 3, 6, 5
11980, -0.084616, 10.910161, 11, 2, 6, 5
11990, -0.089587, 10.908665, 11, 2, 7, 4
12000, -0.094362, 10.907261, 12, 3, 7, 4
12010, -0.101424, 10.905945, 12, 2, 8, 4
12020, -0.104384, 10.904714, 12, 2, 8, 4
12030, -0.104601, 10.903567, 12, 2, 8, 4
12040, -0.109561, 10.902507, 14, 3, 9, 4
12050, -0.114118, 10.901528, 12, 2, 9, 3
12060, -0.118676, 10.900628, 12, 2, 9, 3
12070, -0.122954, 10.899803, 14, 3, 10, 3
12080, -0.124349, 10.899052, 14, 2, 11, 3
12090, -0.128305, 10.898374, 13, 2, 11, 2
12100, -0.127747, 10.897768, 14, 2, 12, 2
12110, -0.133687, 10.897233, 15, 3, 12, 2
12120, -0.135218, 10.896763, 14, 2, 12, 2
12130, -0.140126, 10.896357, 13, 2, 12, 1
12140, -0.140126, 10.896012, 15, 2, 13, 2
12150, -0.141974, 10.895727, 15, 2, 13, 2
12160, -0.142925, 10.895502, 16, 3, 13, 2
12170, -0.145356, 10.895334, 14, 2, 13, 1
12180, -0.147786, 10.895219, 14, 2, 13, 1
12190, -0.151042, 10.895154, 14, 2, 13, 1
12200, -0.153646, 10.895136, 14, 2, 13, 1
12210, -0.156250, 10.895164, 14, 2, 13, 1
12220, -0.153993, 10.895236, 15, 2, 13, 2
12230, -0.151736, 10.895354, 15, 2, 13, 2
12240, -0.145294, 10.895517, 19, 2, 14, 5
12250, -0.139869, 10.895726, 20, 2, 14, 6
12260, -0.133197, 10.895979, 21, 2, 14, 7
12270, -0.130711, 10.896273, 21, 2, 14, 7
12280, -0.125698, 10.896602, 24, 2, 14, 10
12290, -0.121931, 10.896966, 24, 2, 14, 10
12300, -0.117422, 10.897364, 25, 2, 14, 11
12310, -0.116680, 10.897795, 25, 2, 14, 11
12320, -0.115938, 10.898256, 25, 2, 14, 11
12330, -0.112785, 10.898746, 27, 2, 14, 13
12340, -0.108712, 10.899267, 29, 2, 16, 13
12350, -0.105037, 10.899821, 28, 2, 15, 13
12360, -0.104513, 10.900406, 28, 2, 15, 13
12370, -0.103632, 10.901018, 32, 2, 18, 14
12380, -0.102353, 10.901655, 32, 2, 18, 14
12390, -0.101931, 10.902317, 30, 2, 16, 14
12400, -0.103262, 10.903003, 29, 2, 15, 14
12410, -0.101797, 10.903709, 32, 2, 18, 14
12420, -0.099475, 10.904437, 32, 2, 18, 14
12430, -0.096256, 10.905187, 33, 2, 19, 14
12440, -0.097102, 10.905959, 30, 2, 16, 14
12450, -0.095178, 10.906747, 33, 2, 19, 14
12460, -0.093171, 10.907552, 34, 2, 20, 14
12470, -0.089339, 10.908371, 35, 2, 21, 14
12480, -0.088550, 10.909206, 33, 2, 19, 14
12490, -0.085149, 10.910052, 37, 2, 23, 14
12500, -0.082301, 10.910911, 37, 2, 23, 14
12510, -0.078486, 10.911780, 38, 2, 24, 14
12520, -0.079283, 10.912659, 34, 2, 20, 14
12530, -0.076468, 10.913571, 37, 2, 24, 13
12540, -0.074347, 10.914520, 37, 2, 24, 13
12550, -0.070735, 10.915475, 37, 2, 24, 13
12560, -0.072330, 10.916436, 33, 2, 20, 13
12570, -0.070641, 10.917399, 37, 2, 24, 13
12580, -0.068952, 10.918364, 37, 2, 24, 13
12590, -0.065667, 10.919331, 37, 2, 24, 13
12600, -0.067373, 10.920301, 33, 2, 20, 13
12610, -0.065684, 10.921269, 37, 2, 24, 13
12620, -0.063995, 10.922236, 37, 2, 24, 13
12630, -0.060600, 10.923202, 37, 2, 24, 13
12640, -0.058910, 10.924167, 37, 2, 24, 13
12650, -0.057221, 10.925130, 37, 2, 24, 13
12660, -0.055532, 10.926089, 37, 2, 24, 13
12670, -0.055532, 10.927044, 37, 2, 24, 13
12680, -0.053843, 10.927992, 37, 2, 24, 13
12690, -0.052154, 10.928933, 37, 2, 24, 13
12700, -0.050465, 10.929868, 37, 2, 24, 13
12710, -0.050465, 10.930797, 37, 2, 24, 13
12720, -0.048775, 10.931716, 37, 2, 24, 13
12730, -0.047086, 10.932627, 37, 2, 24, 13
12740, -0.045397, 10.933529, 37, 2, 24, 13
12750, -0.042142, 10.934422, 41, 2, 28, 13
12760, -0.040453, 10.935306, 37, 2, 24, 13
12770, -0.038764, 10.936180, 37, 2, 24, 13
12780, -0.040329, 10.937042, 37, 2, 24, 13
12790, -0.036985, 10.937890, 41, 2, 28, 13
12800, -0.035296, 10.938726, 37, 2, 24, 13
12810, -0.033607, 10.939551, 37, 2, 24, 13
12820, -0.031829, 10.940362, 41, 2, 28, 13
12830, -0.030139, 10.941161, 37, 2, 24, 13
12840, -0.028450, 10.941946, 37, 2, 24, 13
12850, -0.028376, 10.942717, 36, 2, 24, 12
12860, -0.023129, 10.943409, 40, 2, 28, 12
12870, -0.020525, 10.944067, 37, 2, 24, 13
12880, -0.021461, 10.944713, 38, 3, 24, 13
12890, -0.020582, 10.945344, 41, 2, 28, 13
12900, -0.017059, 10.946039, 41, 2, 28, 13
12910, -0.013647, 10.946971, 37, 2, 24, 13
12920, -0.011869, 10.948038, 41, 2, 28, 13
12930, -0.010091, 10.949130, 41, 2, 28, 13
12940, -0.008401, 10.950202, 37, 2, 24, 13
12950, -0.010324, 10.951211, 37, 2, 24, 13
12960, -0.006732, 10.952157, 40, 2, 28, 12
12970, -0.001218, 10.953056, 40, 2, 28, 12
12980, 0.002431, 10.953923, 36, 2, 24, 12
12990, 0.004253, 10.954804, 40, 2, 28, 12
13000, 0.006076, 10.955720, 40, 2, 28, 12
13010, 0.009766, 10.956660, 40, 2, 28, 12
13020, 0.009766, 10.957614, 40, 2, 28, 12
13030, 0.007812, 10.958541, 36, 2, 24, 12
13040, 0.009635, 10.959487, 40, 2, 28, 12
13050, 0.012657, 10.960443, 39, 2, 28, 11
13060, 0.017632, 10.961435, 39, 2, 28, 11
13070, 0.019259, 10.962430, 40, 2, 29, 11
13080, 0.021219, 10.963447, 43, 2, 32, 11
13090, 0.024396, 10.964484, 46, 2, 35, 11
13100, 0.030120, 10.965543, 44, 3, 35, 6
13110, 0.037570, 10.966624, 42, 3, 35, 5
13120, 0.047777, 10.967739, 40, 3, 35, 3
13130, 0.059053, 10.968900, 39, 3, 35, 3
13140, 0.071519, 10.970099, 37, 2, 35, 2
13150, 0.080011, 10.971346, 37, 2, 35, 2
13160, 0.084319, 10.972644, 37, 2, 35, 2
13170, 0.086082, 10.973976, 41, 2, 40, 1
13180, 0.087845, 10.975337, 41, 2, 40, 1
13190, 0.092384, 10.976727, 40, 1, 40, 0
13200, 0.092321, 10.978149, 41, 2, 40, 1
13210, 0.094957, 10.979604, 40, 1, 40, 0
13220, 0.094218, 10.981093, 37, 1, 37, 0
13230, 0.095615, 10.982614, 35, 1, 35, 0
13240, 0.094313, 10.984166, 35, 1, 35, 0
13250, 0.093750, 10.985759, 35, 1, 35, 0
13260, 0.093750, 10.987392, 35, 1, 35, 0
13270, 0.093750, 10.989066, 35, 1, 35, 0
13280, 0.093750, 10.990780, 35, 1, 35, 0
13290, 0.093750, 10.992533, 35, 1, 35, 0
13300, 0.090495, 10.994313, 36, 2, 35, 1
13310, 0.087240, 10.996125, 36, 2, 35, 1
13320, 0.083984, 10.997968, 36, 2, 35, 1
13330, 0.080357, 10.999837, 42, 2, 40, 2
13340, 0.079420, 11.001733, 41, 2, 40, 1
13350, 0.078483, 11.003654, 41, 2, 40, 1
13360, 0.078359, 11.005605, 42, 2, 40, 2
13370, 0.075545, 11.007588, 42, 2, 40, 2
13380, 0.072731, 11.009596, 42, 2, 40, 2
13390, 0.067959, 11.011615, 44, 3, 40, 3
13400, 0.058494, 11.013656, 40, 3, 35, 3
13410, 0.048899, 11.015708, 40, 3, 35, 3
13420, 0.039038, 11.017763, 42, 3, 35, 5
13430, 0.031890, 11.019814, 43, 3, 35, 5
13440, 0.022398, 11.021861, 50, 3, 40, 6
13450, 0.014289, 11.023904, 52, 2, 40, 12
13460, 0.008161, 11.025939, 52, 2, 40, 12
13470, 0.005915, 11.027967, 51, 2, 40, 11
13480, 0.007323, 11.029992, 51, 2, 40, 11
13490, 0.006723, 11.032022, 52, 2, 40, 12
13500, 0.005801, 11.034059, 55, 2, 43, 12
13510, 0.006258, 11.036103, 58, 2, 46, 12
13520, 0.007288, 11.038147, 62, 3, 48, 13
13530, 0.007946, 11.040419, 61, 2, 48, 13
13540, 0.007226, 11.042755, 61, 2, 48, 13
13550, 0.009200, 11.045142, 60, 2, 48, 12
13560, 0.008645, 11.047571, 61, 2, 48, 13
13570, 0.008090, 11.050037, 61, 2, 48, 13
13580, 0.006276, 11.052533, 61, 2, 48, 13
13590, 0.006276, 11.055062, 61, 2, 48, 13
13600, 0.004478, 11.057611, 62, 2, 48, 14
13610, 0.003142, 11.060175, 62, 3, 48, 13
13620, 0.002587, 11.062777, 61, 2, 48, 13
13630, 0.005091, 11.065418, 67, 2, 54, 13
13640, 0.005446, 11.068105, 68, 2, 54, 14
13650, 0.004287, 11.070837, 69, 3, 54, 14
13660, 0.002599, 11.073614, 68, 2, 54, 14
13670, 0.001865, 11.076430, 69, 3, 54, 14
13680, 0.002062, 11.079289, 68, 2, 54, 14
13690, 0.000022, 11.082194, 70, 3, 54, 14
13700, -0.000658, 11.085148, 69, 3, 54, 14
13710, -0.002364, 11.088135, 69, 2, 54, 15
13720, -0.002566, 11.091147, 69, 2, 54, 15
13730, -0.004162, 11.094181, 70, 3, 54, 15
13740, -0.005780, 11.097241, 71, 4, 54, 15
13750, -0.009857, 11.100325, 72, 4, 54, 16
13760, -0.009658, 11.103426, 69, 2, 54, 15
13770, -0.009734, 11.106552, 70, 2, 54, 16
13780, -0.008975, 11.109699, 72, 4, 54, 16
13790, -0.011725, 11.112879, 72, 4, 54, 16
13800, -0.014251, 11.116079, 72, 3, 54, 17
13810, -0.015155, 11.119296, 72, 3, 54, 17
13820, -0.016806, 11.122525, 73, 4, 54, 17
13830, -0.015898, 11.125768, 75, 3, 57, 17
13840, -0.015232, 11.129033, 80, 4, 60, 17
13850, -0.014588, 11.132318, 84, 5, 63, 18
13860, -0.014348, 11.135633, 83, 3, 63, 18
13870, -0.015282, 11.138976, 82, 3, 61, 19
13880, -0.017312, 11.142337, 80, 4, 58, 20
13890, -0.016983, 11.145710, 84, 3, 63, 20
13900, -0.020308, 11.149097, 85, 3, 60, 23
13910, -0.020477, 11.152499, 83, 2, 60, 23
13920, -0.024257, 11.155909, 83, 2, 60, 23
13930, -0.022967, 11.159329, 83, 2, 60, 23
13940, -0.022203, 11.162767, 82, 2, 60, 22
13950, -0.023216, 11.166229, 76, 2, 54, 22
13960, -0.027197, 11.169716, 79, 3, 54, 23
13970, -0.031256, 11.173212, 78, 3, 54, 23
13980, -0.032835, 11.176729, 77, 2, 54, 23
13990, -0.027693, 11.180253, 83, 2, 60, 23
14000, -0.022427, 11.183820, 82, 2, 60, 22
14010, -0.018580, 11.187430, 83, 3, 60, 22
14020, -0.020022, 11.191082, 84, 3, 60, 23
14030, -0.022977, 11.194767, 85, 3, 60, 23
14040, -0.023793, 11.198447, 83, 2, 60, 23
14050, -0.023072, 11.202146, 83, 2, 60, 23
14060, -0.021649, 11.205818, 83, 2, 60, 23
14070, -0.021483, 11.209510, 82, 3, 60, 21
14080, -0.017862, 11.213239, 92, 2, 69, 23
14090, -0.014619, 11.217003, 97, 3, 72, 23
14100, -0.010316, 11.220821, 91, 4, 68, 20
14110, -0.007740, 11.224675, 92, 3, 70, 20
14120, -0.003938, 11.228572, 91, 3, 70, 20
14130, -0.001935, 11.232497, 91, 3, 70, 20
14140, -0.003296, 11.236455, 93, 4, 70, 20
14150, -0.005364, 11.240443, 93, 4, 70, 19
14160, -0.005307, 11.244462, 91, 3, 70, 19
14170, 0.000751, 11.248528, 97, 3, 77, 18
14180, 0.006052, 11.252646, 97, 3, 77, 19
14190, 0.009799, 11.256840, 97, 3, 77, 19
14200, 0.007673, 11.261081, 99, 4, 77, 18
14210, 0.006951, 11.265380, 98, 4, 77, 18
14220, 0.007444, 11.269698, 96, 3, 77, 18
14230, 0.009446, 11.274067, 96, 3, 77, 18
14240, 0.010661, 11.278483, 96, 3, 77, 18
14250, 0.009100, 11.282964, 98, 4, 77, 17
14260, 0.010855, 11.287505, 104, 3, 84, 18
14270, 0.013496, 11.292099, 103, 3, 84, 18
14280, 0.018185, 11.296759, 106, 3, 87, 18
14290, 0.019915, 11.301474, 111, 5, 91, 17
14300, 0.020910, 11.306252, 117, 4, 96, 18
14310, 0.022113, 11.311086, 107, 3, 88, 18
14320, 0.022960, 11.315985, 107, 3, 88, 18
14330, 0.022378, 11.320944, 108, 4, 88, 18
14340, 0.021003, 11.325975, 108, 3, 88, 18
14350, 0.020540, 11.331065, 107, 3, 88, 18
14360, 0.022434, 11.336217, 106, 3, 88, 17
14370, 0.023515, 11.341425, 118, 4, 96, 18
14380, 0.026192, 11.346706, 115, 3, 96, 18
14390, 0.027791, 11.352058, 115, 3, 96, 18
14400, 0.027945, 11.357483, 117, 3, 96, 19
14410, 0.023206, 11.362983, 120, 5, 96, 19
14420, 0.022775, 11.368536, 115, 3, 96, 18
14430, 0.022308, 11.374150, 117, 3, 96, 19
14440, 0.022568, 11.379821, 120, 4, 97, 20
14450, 0.020396, 11.385562, 124, 4, 102, 20
14460, 0.021215, 11.391372, 128, 3, 106, 20
14470, 0.023447, 11.397249, 131, 3, 108, 21
14480, 0.026126, 11.399460, 141, 4, 117, 21
14490, 0.027614, 11.400526, 141, 2, 117, 24
14500, 0.029348, 11.401579, 141, 2, 117, 24
14510, 0.028066, 11.402635, 142, 3, 117, 23
14520, 0.027622, 11.403727, 141, 2, 117, 24
14530, 0.027179, 11.404872, 141, 2, 117, 24
14540, 0.027482, 11.406071, 141, 3, 117, 23
14550, 0.028310, 11.407314, 140, 2, 117, 23
14560, 0.029138, 11.408589, 140, 2, 117, 23
14570, 0.029967, 11.409889, 140, 3, 117, 22
14580, 0.033137, 11.411199, 152, 3, 129, 22
14590, 0.037616, 11.412492, 155, 2, 133, 22
14600, 0.043101, 11.413753, 160, 3, 138, 21
14610, 0.045568, 11.414965, 157, 3, 135, 21
14620, 0.046658, 11.416144, 151, 2, 130, 21
14630, 0.045709, 11.417334, 147, 3, 126, 20
14640, 0.045494, 11.418579, 146, 2, 126, 20
14650, 0.046263, 11.419901, 145, 2, 126, 19
14660, 0.046298, 11.421274, 147, 3, 126, 19
14670, 0.047212, 11.422695, 145, 2, 126, 19
14680, 0.048158, 11.424156, 144, 2, 126, 18
14690, 0.049042, 11.425652, 146, 3, 126, 18
14700, 0.052666, 11.427176, 153, 2, 136, 17
14710, 0.056167, 11.428707, 163, 3, 145, 17
14720, 0.061641, 11.430228, 169, 3, 150, 17
14730, 0.065179, 11.431727, 166, 2, 150, 16
14740, 0.066220, 11.433202, 168, 3, 150, 16
14750, 0.069648, 11.434692, 165, 2, 150, 15
14760, 0.068868, 11.436206, 167, 4, 150, 15
14770, 0.070652, 11.437777, 166, 3, 150, 14
14780, 0.071595, 11.439403, 164, 2, 150, 14
14790, 0.073401, 11.441084, 165, 3, 150, 13
14800, 0.076189, 11.442806, 168, 2, 155, 13
14810, 0.075770, 11.444564, 186, 4, 171, 12
14820, 0.079339, 11.446376, 188, 2, 176, 12
14830, 0.081091, 11.448232, 188, 3, 176, 11
14840, 0.085136, 11.448615, 187, 2, 176, 11
14850, 0.086080, 11.450600, 187, 3, 176, 10
14860, 0.086121, 11.452627, 188, 3, 176, 10
14870, 0.087089, 11.454725, 186, 3, 176, 9
14880, 0.087087, 11.462141, 188, 3, 177, 9
14890, 0.091272, 11.470597, 202, 3, 193, 8
14900, 0.092552, 11.479279, 210, 4, 199, 8
14910, 0.097744, 11.488192, 212, 3, 204, 7
14920, 0.098440, 11.497343, 218, 3, 209, 7
14930, 0.101398, 11.506747, 223, 3, 216, 6
14940, 0.101416, 11.516418, 223, 3, 216, 5
14950, 0.103366, 11.526368, 222, 3, 216, 5
14960, 0.105620, 11.536601, 224, 2, 220, 4
14970, 0.106182, 11.547122, 231, 3, 225, 4
14980, 0.107502, 11.557937, 230, 4, 225, 3
14990, 0.108088, 11.569054, 222, 3, 218, 2
15000, 0.109779, 11.580483, 231, 3, 228, 2
15010, 0.109994, 11.592235, 231, 3, 228, 2
15020, 0.110382, 11.604321, 230, 2, 228, 2
15030, 0.112584, 11.624085, 233, 1, 233, 0
15040, 0.113024, 11.642237, 241, 2, 239, 2
15050, 0.113637, 11.655990, 245, 2, 244, 1
15060, 0.111973, 11.671877, 261, 2, 260, 1
15070, 0.111246, 11.689512, 262, 2, 260, 2
15080, 0.110234, 11.707603, 261, 2, 260, 1
15090, 0.109168, 11.726157, 267, 3, 265, 1
15100, 0.108009, 11.745183, 274, 3, 271, 2
15110, 0.106531, 12.022282, 291, 2, 290, 1
15120, 0.106689, 12.053563, 290, 1, 290, 0
15130, 0.107339, 12.085677, 286, 1, 286, 0
15140, 0.106848, 12.118686, 284, 1, 284, 0
15150, 0.105459, 12.152589, 289, 1, 289, 0
15160, 0.103204, 12.187339, 309, 1, 309, 0
15170, 0.101353, 13.222157, 315, 2, 314, 1
15180, 0.100497, 13.253984, 315, 1, 315, 0
15190, 0.100219, 13.286151, 317, 2, 316, 1
15200, 0.098669, 13.318681, 326, 2, 325, 1
15210, 0.097284, 13.337227, 331, 1, 331, 0
15220, 0.096195, 13.354960, 343, 1, 343, 0
15230, 0.095521, 13.372186, 366, 2, 365, 1
15240, 0.093821, 13.389126, 357, 1, 357, 0
15250, 0.092963, 11.069597, 368, 1, 368, 0
15260, 0.092833, 11.052321, 377, 1, 377, 0
15270, 0.091663, 11.036508, 402, 1, 402, 0
15280, 0.090214, 11.022644, 408, 1, 408, 0
15290, 0.089048, 11.010933, 413, 1, 413, 0
15300, 0.087686, 11.001474, 433, 1, 433, 0
15310, 0.086099, 10.993518, 434, 1, 434, 0
15320, 0.084648, 10.986397, 435, 1, 435, 0
15330, 0.084078, 10.979639, 442, 1, 442, 0
15340, 0.083112, 10.972998, 473, 1, 473, 0
15350, 0.081801, 10.966357, 481, 1, 481, 0
15360, 0.080607, 10.959695, 489, 1, 489, 0
15370, 0.078916, 10.953036, 505, 1, 505, 0
15380, 0.077516, 10.946432, 511, 1, 511, 0
15390, 0.075373, 10.939930, 537, 1, 537, 0
15400, 0.074090, 10.933577, 545, 1, 545, 0
15410, 0.072796, 10.927389, 552, 1, 552, 0
15420, 0.071260, 10.921362, 583, 1, 583, 0
15430, 0.069967, 10.915494, 593, 1, 593, 0
15440, 0.068333, 10.909769, 607, 1, 607, 0
15450, 0.067021, 10.904174, 638, 1, 638, 0
15460, 0.066043, 10.898691, 648, 1, 648, 0
15470, 0.064599, 10.893291, 677, 1, 677, 0
15480, 0.064345, 10.887957, 692, 1, 692, 0
15490, 0.062390, 10.882649, 732, 1, 732, 0
15500, 0.061345, 10.877367, 753, 1, 753, 0
15510, 0.058902, 10.872095, 791, 1, 791, 0
15520, 0.058031, 10.866839, 800, 1, 800, 0
15530, 0.055752, 10.861569, 825, 1, 825, 0
15540, 0.054829, 10.856281, 831, 1, 831, 0
15550, 0.052477, 10.850954, 862, 1, 862, 0
15560, 0.052054, 99999.990000, 852, 1, 852, 0
15570, 0.050249, 99999.990000, 862, 1, 862, 0
15580, 0.049049, 99999.990000, 851, 1, 851, 0
15590, 0.046005, 99999.990000, 874, 1, 874, 0
15600, 0.044306, 99999.990000, 896, 1, 896, 0
15610, 0.043562, 99999.990000, 896, 1, 896, 0
15620, 0.042561, 99999.990000, 908, 1, 908, 0
15630, 0.040151, 99999.990000, 920, 1, 920, 0
15640, 0.037528, 99999.990000, 911, 1, 911, 0
15650, 0.035271, 99999.990000, 923, 1, 923, 0
15660, 0.033466, 99999.990000, 943, 1, 943, 0
15670, 0.030720, 99999.990000, 963, 1, 963, 0
15680, 0.029340, 99999.990000, 952, 1, 952, 0
15690, 0.027754, 99999.990000, 962, 1, 962, 0
15700, 0.025426, 99999.990000, 972, 1, 972, 0
15710, 0.023157, 99999.990000, 995, 1, 995, 0
15720, 0.020630, 99999.990000, 999, 1, 999, 0
15730, 0.018193, 99999.990000, 1009, 1, 1009, 0
15740, 0.015956, 99999.990000, 1028, 1, 1028, 0
15750, 0.012771, 99999.990000, 1042, 1, 1042, 0
15760, 0.010167, 99999.990000, 1055, 1, 1055, 0
15770, 0.006707, 99999.990000, 1061, 1, 1061, 0
15780, 0.003929, 99999.990000, 1064, 1, 1064, 0
15790, 0.001179, 99999.990000, 1080, 1, 1080, 0
15800, -0.002599, 99999.990000, 1091, 1, 1091, 0
15810, -0.005114, 99999.990000, 1089, 1, 1089, 0
15820, -0.007799, 99999.990000, 1100, 1, 1100, 0
15830, -0.009703, 99999.990000, 1109, 1, 1109, 0
15840, -0.012543, 99999.990000, 1100, 1, 1100, 0
15850, -0.015266, 99999.990000, 1087, 1, 1087, 0
15860, -0.016648, 99999.990000, 1078, 1, 1078, 0
15870, -0.017647, 99999.990000, 1062, 1, 1062, 0
15880, -0.017687, 99999.990000, 1020, 1, 1020, 0
15890, -0.018304, 99999.990000, 972, 1, 972, 0
15900, -0.016270, 99999.990000, 927, 1, 927, 0
15910, -0.012639, 99999.990000, 885, 1, 885, 0
15920, -0.008128, 99999.990000, 871, 1, 871, 0
15930, -0.005300, 99999.990000, 886, 1, 886, 0
15940, -0.004691, 99999.990000, 898, 1, 898, 0
15950, -0.006146, 99999.990000, 917, 1, 917, 0
15960, -0.007593, 99999.990000, 941, 1, 941, 0
15970, -0.009339, 99999.990000, 963, 1, 963, 0
15980, -0.010342, 99999.990000, 999, 1, 999, 0
15990, -0.012738, 99999.990000, 1025, 1, 1025, 0
16000, -0.019303, 99999.990000, 1065, 1, 1065, 0
16010, -0.030752, 99999.990000, 1099, 1, 1099, 0
16020, -0.043220, 99999.990000, 1107, 1, 1107, 0
16030, -0.051701, 99999.990000, 1098, 1, 1098, 0
16040, -0.053546, 99999.990000, 1073, 1, 1073, 0
16050, -0.050720, 99999.990000, 1036, 1, 1036, 0
16060, -0.043346, 99999.990000, 987, 1, 987, 0
